declaration,items,difficulty
AxQM.Concrete.ThreeSpin.jsq_mixAM12,Exercise7_27,very-small
AxQM.Concrete.ThreeSpin.jsq_mixAP12,Exercise7_27,very-small
AxQM.Concrete.ThreeSpin.jsq_mixBM12,Exercise7_27,very-small
AxQM.Concrete.ThreeSpin.jsq_mixBP12,Exercise7_27,very-small
AxQM.Concrete.ThreeSpin.jsq_symM12,Exercise7_27,very-small
AxQM.Concrete.ThreeSpin.jsq_symM32,Exercise7_27,very-small
AxQM.Concrete.ThreeSpin.jsq_symP12,Exercise7_27,very-small
AxQM.Concrete.ThreeSpin.jsq_symP32,Exercise7_27,very-small
AxQM.Concrete.ThreeSpin.jz_mixAM12,Exercise7_27,very-small
AxQM.Concrete.ThreeSpin.jz_mixAP12,Exercise7_27,very-small
AxQM.Concrete.ThreeSpin.jz_mixBM12,Exercise7_27,very-small
AxQM.Concrete.ThreeSpin.jz_mixBP12,Exercise7_27,very-small
AxQM.Concrete.ThreeSpin.jz_symM12,Exercise7_27,very-small
AxQM.Concrete.ThreeSpin.jz_symM32,Exercise7_27,very-small
AxQM.Concrete.ThreeSpin.jz_symP12,Exercise7_27,very-small
AxQM.Concrete.ThreeSpin.jz_symP32,Exercise7_27,very-small
AxQM.Concrete.barencoGateBudget_isBigO_sq,Exercise4_29 Exercise4_30,very-small
AxQM.Concrete.classicalTraceDist_binary,Exercise9_2,very-small
AxQM.Concrete.classicalTraceDist_deterministic_uniform,Exercise9_1,very-small
AxQM.Concrete.classicalTraceDist_ternary_example,Exercise9_1,very-small
AxQM.Concrete.dampedRho_zero,Problem8_1,very-small
AxQM.Concrete.depolChannel_apply_one,Exercise8_29,very-small
AxQM.Concrete.dualRailVec_inner_ketZeroZero,Exercise8_23,very-small
AxQM.Concrete.exists_ne_unitary_conj_twoQubitGenerators_eq,Exercise10_38,very-small
AxQM.Concrete.exists_specialOrthogonalGroup_symmetric_factor_det_neg,Exercise8_14,very-small
AxQM.Concrete.fiveQubitStdGen_xPart_pivot_identity,Exercise10_57,very-small
AxQM.Concrete.flattenFin4_pauliI_kronecker_pauliX,Exercise2_27,very-small
AxQM.Concrete.flattenFin4_pauliX_kronecker_pauliI,Exercise2_27,very-small
AxQM.Concrete.flattenFin4_pauliX_kronecker_pauliZ,Exercise2_27,very-small
AxQM.Concrete.four_pow_half_order_ne_neg_one_zmod_ninetyOne,Exercise5_18,very-small
AxQM.Concrete.four_pow_half_order_zmod_ninetyOne,Exercise5_18,very-small
AxQM.Concrete.gcd_four_pow_half_order_pred_ninetyOne,Exercise5_18,very-small
AxQM.Concrete.groverPhaseShift_eq_two_ketBraZero_sub_one,Exercise6_1,very-small
AxQM.Concrete.hyperfineFx_eq,Exercise7_28,very-small
AxQM.Concrete.hyperfineFy_eq,Exercise7_28,very-small
AxQM.Concrete.hyperfineFz_eq,Exercise7_28,very-small
AxQM.Concrete.hyperfineFz_mulVec_coupledF1n1,Exercise7_28,very-small
AxQM.Concrete.hyperfineFz_mulVec_coupledF1p1,Exercise7_28,very-small
AxQM.Concrete.hyperfineFz_mulVec_coupledF1z,Exercise7_28,very-small
AxQM.Concrete.hyperfineFz_mulVec_coupledF2n1,Exercise7_28,very-small
AxQM.Concrete.hyperfineFz_mulVec_coupledF2n2,Exercise7_28,very-small
AxQM.Concrete.hyperfineFz_mulVec_coupledF2p1,Exercise7_28,very-small
AxQM.Concrete.hyperfineFz_mulVec_coupledF2p2,Exercise7_28,very-small
AxQM.Concrete.hyperfineFz_mulVec_coupledF2z,Exercise7_28,very-small
AxQM.Concrete.inner_vecOneOneC2_vecOneNegOneC2_eq_zero,Exercise2_7,very-small
AxQM.Concrete.matFourThreeLog_isHermitian,Exercise2_34,very-small
AxQM.Concrete.matFourThreeSqrt_mul_self,Exercise2_34,very-small
AxQM.Concrete.ninetyOne_not_isPerfectPower,Exercise5_18,very-small
AxQM.Concrete.ninetyOne_odd,Exercise5_18,very-small
AxQM.Concrete.nmrQuartet_lineCount,Exercise7_37,very-small
AxQM.Concrete.nmrQuartet_relativeMagnitudes,Exercise7_37,very-small
AxQM.Concrete.nmrTomographyExperiments_three,Exercise7_46,very-small
AxQM.Concrete.orderOf_five_zmod_twentyOne,Exercise5_10,very-small
AxQM.Concrete.orderOf_four_zmod_ninetyOne,Exercise5_18,very-small
AxQM.Concrete.pauliI_kronecker_pauliX_ne_pauliX_kronecker_pauliI,Exercise2_27,very-small
AxQM.Concrete.pauliSigma_lie,Exercise2_40,very-small
AxQM.Concrete.pauliSigma_mul,Exercise2_43,very-small
AxQM.Concrete.pauliX_lie_pauliY,Exercise2_40,very-small
AxQM.Concrete.pauliX_mulVec_xMinus,Exercise2_11,very-small
AxQM.Concrete.pauliX_mulVec_xPlus,Exercise2_11,very-small
AxQM.Concrete.pauliX_mul_pauliY_mul_pauliX,Exercise4_7,very-small
AxQM.Concrete.pauliX_trace,Exercise2_36,very-small
AxQM.Concrete.pauliY_lie_pauliZ,Exercise2_40,very-small
AxQM.Concrete.pauliY_mulVec_yMinus,Exercise2_11,very-small
AxQM.Concrete.pauliY_mulVec_yPlus,Exercise2_11,very-small
AxQM.Concrete.pauliY_trace,Exercise2_36,very-small
AxQM.Concrete.pauliZ_lie_pauliX,Exercise2_40,very-small
AxQM.Concrete.pauli_anticomm,Exercise2_41,very-small
AxQM.Concrete.qftFactorSwap_isTwoLevelUnitary,Exercise4_37,very-small
AxQM.Concrete.rabiUnitary_apply_zero_zero,Exercise7_18,very-small
AxQM.Concrete.rotAxis_mul_rotAxis,Exercise4_15,very-small
AxQM.Concrete.rotAxis_mul_rotAxis_stated_order_printed_false,Exercise4_15,very-small
AxQM.Concrete.rotComposeCos_self_axisZ,Exercise4_15,very-small
AxQM.Concrete.rotComposeVec_self_axisZ,Exercise4_15,very-small
AxQM.Concrete.rotX_eq,Exercise4_2,very-small
AxQM.Concrete.sMatrix_conj_pauliX,Exercise10_39,very-small
AxQM.Concrete.sMatrix_conj_pauliZ,Exercise10_39,very-small
AxQM.Concrete.shorStdGen_bottom_xPart_zero,Exercise10_57,very-small
AxQM.Concrete.shorStdGen_top_zPart_zero,Exercise10_57,very-small
AxQM.Concrete.shorStdGen_xPart_pivot_identity,Exercise10_57,very-small
AxQM.Concrete.shorStdGen_zPart_middle_identity,Exercise10_57,very-small
AxQM.Concrete.sin_groverAngle,Exercise6_3,very-small
AxQM.Concrete.spin32_comm_iy_iz,Exercise7_28,very-small
AxQM.Concrete.spin32_comm_iz_ix,Exercise7_28,very-small
AxQM.Concrete.sqrtSwapHeis_mul_self,Exercise7_52,very-small
AxQM.Concrete.stabilizer_le_normalizer,Exercise10_43,very-small
AxQM.Concrete.steaneRecovery_pauliMulIndex_singleError,Exercise10_61,very-small
AxQM.Concrete.steaneRecovery_steaneSyndrome,Exercise10_61,very-small
AxQM.Concrete.steaneStdLogicalX_checkRow,Exercise10_55,very-small
AxQM.Concrete.tCtrl_mul_cnotMatrix_comm,Exercise10_66_FTpi8,very-small
AxQM.Concrete.tMatrix_conj_pauliZ,Exercise10_41,very-small
AxQM.Concrete.tMatrix_mul_pauliX_ne_expNeg_smul_sxMatrix,Exercise10_66_FTpi8,very-small
AxQM.Concrete.tomographyComplete_univ,Exercise7_46,very-small
AxQM.Concrete.totalJz_eq,Exercise7_26,very-small
AxQM.Concrete.totalJz_mulVec_coupledSinglet,Exercise7_26,very-small
AxQM.Concrete.totalJz_mulVec_coupledTripletMinus,Exercise7_26,very-small
AxQM.Concrete.totalJz_mulVec_coupledTripletPlus,Exercise7_26,very-small
AxQM.Concrete.totalJz_mulVec_coupledTripletZero,Exercise7_26,very-small
AxQM.Concrete.vecKron_xPlus_vecKron_xPlus_xPlus,Exercise2_26,very-small
AxQM.Concrete.vecKron_xPlus_vecKron_xPlus_xPlus_eq_sum,Exercise2_26,very-small
AxQM.Concrete.vecKron_xPlus_xPlus,Exercise2_26,very-small
AxQM.Concrete.vecKron_xPlus_xPlus_eq_sum,Exercise2_26,very-small
AxQM.Measurement.isProjective_of_isSelfPOVM,Exercise2_62,very-small
AxQM.Observable.op_mul_projMinus,Exercise2_60,very-small
AxQM.Observable.op_mul_projPlus,Exercise2_60,very-small
AxQM.Observable.projMinus_apply_eq_self,Exercise2_60,very-small
AxQM.Observable.projPlus_apply_eq_self,Exercise2_60,very-small
AxQM.Observable.propagator_op_mem_unitary,Exercise2_55,very-small
AxQM.State.angle_nonneg,Exercise9_17,very-small
AxQM.StateDistinguisher.intercept_reveals,Exercise12_38,very-small
AxQM.StateDistinguisher.intercept_signal,Exercise12_38,very-small
AxQM.bellBasis_apply,Exercise2_69,very-small
AxQM.expectation_pauliX_qubitBasis_zero,Exercise2_59,very-small
AxQM.nEPRVec_eq_sum_regBasis_tmul,Exercise12_36,very-small
AxQM.orderEigenstate_reconstruct,Exercise5_13,very-small
AxQM.orderEigenstate_sum_eq_one,Exercise5_13,very-small
AxQM.qftInverseEvolution_comp_qftEvolution,Exercise5_5,very-small
AxQM.qftTailBranch_eq_qtowerSingleWire_prod,Problem5_2,very-small
AxQM.rzThreeFifthsAngle_cos,Exercise4_41,very-small
AxQM.seqCtrlPow_evolvePure,Exercise5_7,very-small
AxQM.teleportationInducedState_injective_of_recovers,Problem8_2,very-small
AxQM.teleportationProb_sum_eq_one,Problem8_2,very-small
AxQM.toState_evolvePure,Exercise8_1,very-small
ConcaveOn.slice_left,Exercise11_23,very-small
Cryptography.KeyDistribution.card_publicKeys,Exercise12_25,very-small
GaloisField.transvecCount_isBigO_sq,Problem7_1,very-small
LinearMap.IsSymmetric.inner_eq_zero_of_hasEigenvector_of_ne,Exercise2_22,very-small
LinearMap.exists_unitaryExtend,Exercise2_67,very-small
LinearMap.isSelfAdjoint_of_forall_inner_map_self_nonneg,Exercise2_24,very-small
LinearMap.isSymmetric_of_forall_inner_map_self_nonneg,Exercise2_24,very-small
LinearMap.toMatrixOrthonormal_rankOne,Exercise2_10,very-small
Matrix.IsHermitian.kronecker,Exercise2_30,very-small
Matrix.IsHermitian.sqrt_conjTranspose_mul_self,Exercise2_48,very-small
Matrix.PosSemidef.eq_one_mul_sqrt_conjTranspose_mul_self,Exercise2_48,very-small
Matrix.PosSemidef.sqrt_conjTranspose_mul_self,Exercise2_48,very-small
Matrix.PosSemidef.sqrt_mul_conjTranspose_self,Exercise2_48,very-small
Matrix.eq_mul_sqrt_conjTranspose_mul_self_of_mem_unitaryGroup,Exercise2_48,very-small
Matrix.exists_unitary_mul_diagonal_mul_unitary,Corollary2_4,very-small
Matrix.hammingCode_length,Exercise10_22,very-small
Matrix.map_star_kronecker,Exercise2_28,very-small
Matrix.not_forall_trace_conjTranspose_mul_eq_star_maxEntVec_dotProduct_kronecker,Exercise9_16,very-small
Matrix.sqrt_conjTranspose_mul_self_of_mem_unitaryGroup,Exercise2_48,very-small
Matrix.sqrt_mul_conjTranspose_self_of_mem_unitaryGroup,Exercise2_48,very-small
Matrix.star_maxEntVec_dotProduct_kronecker,Exercise9_16,very-small
Module.End.smul_add_smul_mem_stabilizedSubmodule,Exercise10_29,very-small
OrthonormalBasis.diagonalOperator_norm_isPositive,Exercise2_49,very-small
Real.entropy_swap,Theorem11_3,very-small
Real.exists_const_mul_log_of_map_mul_eq_add,Exercise11_2,very-small
TensorProduct.mapL_isPositive,Exercise2_31,very-small
convex_setOf_majorize,Exercise12_18,very-small
integral_Ioi_one_div_sq_two,Exercise5_16,very-small
irrational_div_two_pi_of_cos_eq_three_div_five,Exercise4_42,very-small
mulPair_concaveOn_left,Exercise11_23,very-small
mulPair_concaveOn_right,Exercise11_23,very-small
mulPair_not_concaveOn,Exercise11_23,very-small
repetitionGenerator_mulVec,Exercise10_14,very-small
star_lie,Exercise2_45,very-small
sum_smul_inner,Exercise2_6,very-small
AddChar.sum_pi_subgroup_zmod_eq_natCard_iff,Exercise5_26,small
AddChar.sum_pi_subgroup_zmod_prod,Exercise5_26,small
AxQM.Concrete.IsEffectivePureManifold.card_le,Exercise7_44,small
AxQM.Concrete.ToffoliConj.toffoli_conj_pauliX1,Exercise10_41,small
AxQM.Concrete.ToffoliConj.toffoli_conj_pauliX2,Exercise10_41,small
AxQM.Concrete.ToffoliConj.toffoli_conj_pauliX3,Exercise10_41,small
AxQM.Concrete.ToffoliConj.toffoli_conj_pauliZ1,Exercise10_41,small
AxQM.Concrete.ToffoliConj.toffoli_conj_pauliZ2,Exercise10_41,small
AxQM.Concrete.ToffoliConj.toffoli_conj_pauliZ3,Exercise10_41,small
AxQM.Concrete.TomographyComplete.card_eq,Exercise7_46,small
AxQM.Concrete.ampDampChiMatrix_eq,Exercise8_35,small
AxQM.Concrete.boltzmannExcited_boltzmannTemperature,Exercise8_25,small
AxQM.Concrete.boltzmannGround_boltzmannTemperature,Exercise8_25,small
AxQM.Concrete.boltzmannTemperature_unique,Exercise8_25,small
AxQM.Concrete.classicalFidelity_deterministic_uniform,Exercise9_3,small
AxQM.Concrete.classicalFidelity_ternary_example,Exercise9_3,small
AxQM.Concrete.classicalTraceDist_isGreatest_sub,Exercise9_5,small
AxQM.Concrete.classicalTraceDist_isGreatest_sub_of_sum_eq_one,Exercise9_5,small
AxQM.Concrete.cnotMatrix_conj_pauliX1,Exercise10_36,small
AxQM.Concrete.cnotMatrix_conj_pauliX2,Exercise10_36,small
AxQM.Concrete.cnotMatrix_conj_pauliZ1,Exercise10_36,small
AxQM.Concrete.dampedRho_eq_kraus,Problem8_1,small
AxQM.Concrete.dampedRho_hasDerivAt,Problem8_1,small
AxQM.Concrete.dipoleOverlap_ne_zero_imp_delta_m,Exercise7_16,small
AxQM.Concrete.dualRailErrCombined_not_completeness,Exercise8_23,small
AxQM.Concrete.dualRailFaithful_completeness,Exercise8_23,small
AxQM.Concrete.entropy_fairCoin_div_log_two,Exercise11_1,small
AxQM.Concrete.entropy_fairDie_div_log_two,Exercise11_1,small
AxQM.Concrete.exists_isEffectivePureManifold,Exercise7_44,small
AxQM.Concrete.exists_mem_specialOrthogonalGroup_symmetric_factor,Exercise8_12,small
AxQM.Concrete.exists_simCost_le_mul_sq_length,Theorem10_7_GottesmanKnill,small
AxQM.Concrete.exists_zyMatrixForm,Exercise4_9,small
AxQM.Concrete.exists_zy_decomposition,Theorem4_1,small
AxQM.Concrete.exp_neg_I_smul_rabiHamiltonian,Exercise7_18,small
AxQM.Concrete.factoringFastOpBound_isLittleO_cubic,Problem5_4,small
AxQM.Concrete.factoringTotalOpCount_isBigO_of_fastMul,Problem5_4,small
AxQM.Concrete.fiveQubitStdGen_checkRow_span_eq,Exercise10_57,small
AxQM.Concrete.fockBeamKraus_norm,Exercise8_21,small
AxQM.Concrete.four_le_card_of_specifiesAffineBloch,Exercise8_33,small
AxQM.Concrete.functionOfPauliDot_decomposition,Problem2_1,small
AxQM.Concrete.hadamardABC_A_mul_B_mul_C_eq_one,Exercise4_12,small
AxQM.Concrete.hadamardC_eq_expPiDivTwo_smul_rotX_rotY,Exercise7_31,small
AxQM.Concrete.hadamardC_mul_pauliX_mul_hadamardC,Exercise4_13,small
AxQM.Concrete.hadamardC_mul_pauliY_mul_hadamardC,Exercise4_13,small
AxQM.Concrete.hadamardC_mul_pauliZ_mul_hadamardC,Exercise4_13,small
AxQM.Concrete.hadamardC_mul_tMatrix_mul_hadamardC,Exercise4_14,small
AxQM.Concrete.hadamardPow_apply_eq,Exercise2_33,small
AxQM.Concrete.hadamardPow_two_submatrix,Exercise2_33,small
AxQM.Concrete.hammingGenerator_isGenerator,Exercise10_28,small
AxQM.Concrete.heisenbergEvolution_pi,Exercise7_52,small
AxQM.Concrete.hyperfineCoupledBasis_conjTranspose_mul_self,Exercise7_28,small
AxQM.Concrete.hyperfineFSq_eq,Exercise7_28,small
AxQM.Concrete.hyperfineFSq_mulVec_coupledF1n1,Exercise7_28,small
AxQM.Concrete.hyperfineFSq_mulVec_coupledF1p1,Exercise7_28,small
AxQM.Concrete.hyperfineFSq_mulVec_coupledF1z,Exercise7_28,small
AxQM.Concrete.hyperfineFSq_mulVec_coupledF2n1,Exercise7_28,small
AxQM.Concrete.hyperfineFSq_mulVec_coupledF2n2,Exercise7_28,small
AxQM.Concrete.hyperfineFSq_mulVec_coupledF2p1,Exercise7_28,small
AxQM.Concrete.hyperfineFSq_mulVec_coupledF2p2,Exercise7_28,small
AxQM.Concrete.hyperfineFSq_mulVec_coupledF2z,Exercise7_28,small
AxQM.Concrete.inversionAboutMean_mulVec_apply,Exercise6_2,small
AxQM.Concrete.isLeast_needsOrderFinding,Exercise5_19,small
AxQM.Concrete.kerrSinglePhotonAbsorptionProb,Exercise7_22,small
AxQM.Concrete.kerrTwoPhotonPhase_arg,Exercise7_21,small
AxQM.Concrete.linearIndependent_genRow_encXRow,Exercise10_54,small
AxQM.Concrete.matFourThreeSqrt_posDef,Exercise2_34,small
AxQM.Concrete.mem_stabilizer_conjTranspose,Exercise10_43,small
AxQM.Concrete.modMulMatrix_mem_unitaryGroup,Exercise5_12,small
AxQM.Concrete.not_isSqrt2ScaledIn_gaussian_tMatrix,Exercise4_45,small
AxQM.Concrete.not_linearIndependent_dependentTripleC2,Exercise2_1,small
AxQM.Concrete.opticalHadamardCircuit_eq_smul_hadamardC,Exercise7_9,small
AxQM.Concrete.opticalHadamardCircuit_mulVec_oneZero,Exercise7_9,small
AxQM.Concrete.opticalHadamardCircuit_mulVec_zeroOne,Exercise7_9,small
AxQM.Concrete.orPoly_represents_orFun,Exercise6_19,small
AxQM.Concrete.pauliAverage_blochMatrix,Exercise8_17,small
AxQM.Concrete.pauliAverage_one,Exercise8_17,small
AxQM.Concrete.pauliAverage_pauliX,Exercise8_17,small
AxQM.Concrete.pauliAverage_pauliY,Exercise8_17,small
AxQM.Concrete.pauliAverage_pauliZ,Exercise8_17,small
AxQM.Concrete.pauliDot_conjSum_eq_zero,Exercise7_39,small
AxQM.Concrete.pauliDot_conjSum_twoAxis_eq_zero,Exercise7_39,small
AxQM.Concrete.pauliI_eq_ketBra,Exercise2_9,small
AxQM.Concrete.pauliX_eq_ketBra,Exercise2_9,small
AxQM.Concrete.pauliX_eq_outerSelf_sub,Exercise2_11,small
AxQM.Concrete.pauliX_mul_zEvolution_mul_pauliX,Exercise7_38,small
AxQM.Concrete.pauliY_eq_ketBra,Exercise2_9,small
AxQM.Concrete.pauliY_eq_outerSelf_sub,Exercise2_11,small
AxQM.Concrete.pauliZ_eq_ketBra,Exercise2_9,small
AxQM.Concrete.pauliZ_eq_outerSelf_sub,Exercise2_11,small
AxQM.Concrete.phaseDampMixingUnitary_mem_unitaryGroup,Exercise8_27,small
AxQM.Concrete.phaseDamp_unitaryFreedom,Exercise8_27,small
AxQM.Concrete.phaseDampedElem_eq,Exercise8_31,small
AxQM.Concrete.piEighthCircuitOut_measure_one,Exercise10_66_FTpi8,small
AxQM.Concrete.piEighthCircuitOut_measure_zero,Exercise10_66_FTpi8,small
AxQM.Concrete.polarExampleLeftFactor_eq_sqrt,Exercise2_50,small
AxQM.Concrete.polarExampleMat_eq_left_polar,Exercise2_50,small
AxQM.Concrete.polarExampleMat_eq_right_polar,Exercise2_50,small
AxQM.Concrete.polarExampleRightFactor_eq_sqrt,Exercise2_50,small
AxQM.Concrete.polarExampleUnitary_mem_unitaryGroup,Exercise2_50,small
AxQM.Concrete.projZeroOp_not_blochAffine,Exercise8_16,small
AxQM.Concrete.projZeroOp_not_tracePreserving,Exercise8_16,small
AxQM.Concrete.qftApproxErrorBound_isTheta,Exercise5_6,small
AxQM.Concrete.qftFactorG13_isTwoLevelUnitary,Exercise4_37,small
AxQM.Concrete.qftFactorH01_isTwoLevelUnitary,Exercise4_37,small
AxQM.Concrete.qftFactorH02_isTwoLevelUnitary,Exercise4_37,small
AxQM.Concrete.qftFactorH23_isTwoLevelUnitary,Exercise4_37,small
AxQM.Concrete.qftFour_eq_prod,Exercise4_37,small
AxQM.Concrete.refocusPulse_mul_zEvolution_mul_refocusPulse,Exercise7_38,small
AxQM.Concrete.samplingEstimator_needs_linear_samples,Exercise6_13,small
AxQM.Concrete.shearMatrix_not_diagonalizable,Exercise2_12,small
AxQM.Concrete.shorStdGen_checkRow_span_eq,Exercise10_57,small
AxQM.Concrete.spin32_comm_ix_iy,Exercise7_28,small
AxQM.Concrete.sqrtSwapHeis_eq,Exercise7_52,small
AxQM.Concrete.symplecticForm_encXRow_encXRow,Exercise10_54,small
AxQM.Concrete.symplecticForm_encXRow_encZRow,Exercise10_54,small
AxQM.Concrete.tMatrix_conj_pauliX,Exercise10_41,small
AxQM.Concrete.tMatrix_conj_pauliX_eq_expNeg_smul_sxMatrix,Exercise10_66_FTpi8,small
AxQM.Concrete.tMatrix_mulVec_hadamardC_mulVec_ket_zero,Exercise10_66_FTpi8,small
AxQM.Concrete.teleportation_Xbasis,Exercise10_42,small
AxQM.Concrete.teleportation_Zbasis,Exercise10_42,small
AxQM.Concrete.toMatrix_swapOperator_std,Exercise2_2,small
AxQM.Concrete.totalJSq_eq,Exercise7_26,small
AxQM.Concrete.totalJSq_mulVec_coupledSinglet,Exercise7_26,small
AxQM.Concrete.totalJSq_mulVec_coupledTripletMinus,Exercise7_26,small
AxQM.Concrete.totalJSq_mulVec_coupledTripletPlus,Exercise7_26,small
AxQM.Concrete.totalJSq_mulVec_coupledTripletZero,Exercise7_26,small
AxQM.Concrete.twoQubitCNOT_conj_pauliY_kron_pauliI,Exercise10_37,small
AxQM.Concrete.twoQubitCNOT_conj_pauliY_kron_pauliI_eq_mul,Exercise10_37,small
AxQM.Concrete.unitVecOneNegOneC2_eq_norm_inv_smul,Exercise2_7,small
AxQM.Concrete.unitVecOneOneC2_eq_norm_inv_smul,Exercise2_7,small
AxQM.Ensemble.purify_reducedLeft,Exercise2_82,small
AxQM.Ensemble.toState_surjective,Theorem2_5,small
AxQM.Evolution.exists_hamiltonian_generator_spectrum_Icc,Problem4_3,small
AxQM.Evolution.exists_op_eq_phase_smul_rotAxisGate,Exercise4_8,small
AxQM.Measurement.IsProjective.unreadState_op,Exercise4_32,small
AxQM.Measurement.bornProb_eq_trace_opElement,Exercise8_2,small
AxQM.Measurement.exists_unitary_op_eq_comp_sqrt_toPOVM_elements,Exercise2_63,small
AxQM.Measurement.postMeasurement_op_eq_opElement_div,Exercise8_2,small
AxQM.Measurement.unreadState_reducedLeft_onRight,Exercise4_32,small
AxQM.Observable.postMeasMinus_hasEigenstate,Exercise5_9,small
AxQM.Observable.postMeasPlus_hasEigenstate,Exercise5_9,small
AxQM.Observable.postMeasurement_signMeasurement_minus,Exercise5_9,small
AxQM.PureState.exists_evolution_tmul_of_sameSchmidtCoeffs,Exercise2_80,small
AxQM.PureState.natAbs_sub_schmidtNumber_le,Problem2_2,small
AxQM.PureState.schmidtNumber_le_card_of_sum_tmul,Problem2_2,small
AxQM.PureState.schmidtNumber_le_dim,Exercise2_76,small
AxQM.State.exists_blochState,Exercise2_72,small
AxQM.State.exists_isPositive_sub_op_sub,Exercise9_7,small
AxQM.State.purity_le_one,Exercise2_71,small
AxQM.State.vonNeumannEntropy_le_log_finrank,Theorem11_8,small
AxQM.State.vonNeumannEntropy_nonneg,Theorem11_8,small
AxQM.bb84_distinguisher_compromises_security,Exercise12_38,small
AxQM.bellMeasurement_toPOVM_elements_eq_bellProjector,Exercise4_33,small
AxQM.bellPhiPlus_expectation_pauliX_tmul_pauliZ_eq_zero,Exercise2_66,small
AxQM.bellPhiPlus_isSchmidtDecomposition,Exercise2_79,small
AxQM.bellPhiPlus_ne_tmul,Exercise2_68,small
AxQM.bellState_expectation_tmul_id_eq,Exercise2_70,small
AxQM.bitFlipSyndrome_postMeasurement_eq,Exercise10_3,small
AxQM.blochPureState_toState_eq_blochState,Exercise2_72,small
AxQM.blochState_zero_eq_maximallyMixed,Exercise2_72,small
AxQM.bornProb_eq_trace_generalMeasurementEnvOp,Exercise8_7,small
AxQM.cascade_postMeasurement,Exercise2_57,small
AxQM.channelEquiv_equivalence,Problem10_1,small
AxQM.cnotGate_eq_hadamard_conj_controlledZGate,Exercise4_17,small
AxQM.completelyDepolarizingChannel_eq_maximallyMixedState,Exercise10_11,small
AxQM.completelyDepolarizingChannel_isChannel,Exercise10_11,small
AxQM.computablePhaseShiftCircuit_hasEigenstate,Problem4_1,small
AxQM.controlMeasurement_commute_postMeasurement,Exercise4_35,small
AxQM.correctsErrors_krausSumₗ_op_proportional_linearCombination,Theorem10_2,small
AxQM.corrects_of_channelEquiv,Problem10_1,small
AxQM.cssPhaseFamily_sum_rankOne_eq_id,Exercise12_35,small
AxQM.deutschOracleConstOne_isDeutschOracle,Exercise7_13,small
AxQM.deutschOracleConstZero_isDeutschOracle,Exercise7_13,small
AxQM.distinguishingPOVM_certain,Exercise2_64,small
AxQM.distinguishingPOVM_prob_pos,Exercise2_64,small
AxQM.dlogForwardFourierSum_eq_smul_reflected,Exercise5_23,small
AxQM.dlogFourierDoubleSum_eq_smul_dlogFourierState,Exercise5_22,small
AxQM.dlogFourierDoubleSum_eq_zero_of_not_modEq,Exercise5_22,small
AxQM.dlogFourierDoubleSum_of_modEq,Exercise5_22,small
AxQM.dlogInverseFourierSum_eq_smul_dlogBasisState,Exercise5_23,small
AxQM.eigenstate_expectation_eq_eigenvalue,Exercise2_58,small
AxQM.eigenstate_stdDev_eq_zero,Exercise2_58,small
AxQM.evolvePure_comp_eq_of_commute_hasEigenstate_one,Exercise10_56,small
AxQM.gateChannelError_comp_le,Exercise9_22,small
AxQM.genDepolarizingKraus_completeness,Exercise8_19,small
AxQM.hadamardGate_evolve_eq_rotXGate_rotZGate_rotXGate_evolve,Exercise4_4,small
AxQM.hadamardGate_op_eq_expPiDivTwo_smul_rotAxisGate,Exercise4_8,small
AxQM.hadamardGate_op_eq_expPiDivTwo_smul_rotXGate_rotZGate_rotXGate,Exercise4_4,small
AxQM.hadamardGate_sq,Exercise2_52,small
AxQM.hadamardObservable_eigenvalue_eq_one_or_neg_one,Exercise2_53,small
AxQM.hadamardObservable_hasEigenstate_neg_one,Exercise2_53,small
AxQM.hadamardObservable_hasEigenstate_one,Exercise2_53,small
AxQM.holevoMeasurementChannel_isChannel,Exercise12_2,small
AxQM.isDensityOp_iff_exists_ensemble,Theorem2_5,small
AxQM.linearity_forbids_cloning,Problem12_4,small
AxQM.machZehnderIdentityCircuit_eq_id,Exercise7_10,small
AxQM.machZehnder_evolvePure_dualRail,Exercise7_10,small
AxQM.machZehnder_evolvePure_dualRail_rotX,Exercise7_10,small
AxQM.measurementModelEvolution_op_tmul,Exercise8_9,small
AxQM.nmrThermalState_spinOne_eq,Exercise7_36,small
AxQM.nmrThermalState_spinTwo_eq,Exercise7_36,small
AxQM.not_qubitPlus_qubitMinus_relativePhaseEquiv_plusMinusFrame,Exercise2_65,small
AxQM.opticalHadamardMirror_evolvePure_dualRailOne,Exercise7_13,small
AxQM.opticalHadamardMirror_evolvePure_dualRailZero,Exercise7_13,small
AxQM.pauliObservable_chsh_expectation_le,Problem2_3,small
AxQM.pauliObservable_eigenvalue_eq_one_or_neg_one,Exercise2_60,small
AxQM.pauliObservable_hasEigenstate_neg_one,Exercise2_60,small
AxQM.pauliObservable_hasEigenstate_one,Exercise2_60,small
AxQM.pauliVecMeasurement_bornProb_qubitKet0_zero,Exercise2_61,small
AxQM.pauliVecMeasurement_postMeasurement_qubitKet0_zero,Exercise2_61,small
AxQM.periodShift_hasEigenstate_qftInverseFourierImage,Exercise5_21,small
AxQM.phaseEstimationSuperposition_accuracy_ge,Exercise5_8,small
AxQM.phaseShiftCircuit_evolvePure_dualRail,Exercise7_7,small
AxQM.plusPlusState_isSchmidtDecomposition,Exercise2_79,small
AxQM.projPinching_two_eq_reflection_evolve_mix,Exercise11_20,small
AxQM.qftInverseEvolution_evolvePure_quditBasis,Exercise5_5,small
AxQM.qubitBasis_one_hasEigenstate_pauliZ,Exercise4_1,small
AxQM.qubitKet0_hasEigenstate_pauliZ,Exercise4_1,small
AxQM.qubitMinusI_hasEigenstate_pauliY,Exercise4_1,small
AxQM.qubitMinus_hasEigenstate_pauliX,Exercise4_1,small
AxQM.qubitPlusI_hasEigenstate_pauliY,Exercise4_1,small
AxQM.qubitPlus_hasEigenstate_pauliX,Exercise4_1,small
AxQM.reflectionEvolution_eq_conj_of_prep,Problem6_2,small
AxQM.rotAxisGate_evolve_blochState,Exercise4_6,small
AxQM.rotXGate_onRight_comm_cnotGate,Exercise4_31,small
AxQM.rzThreeFifthsCircuit_failure_eq_pauliZ,Exercise4_41,small
AxQM.sGate_op_eq_expPiDivFour_smul_rotZGate,Exercise4_8,small
AxQM.shorLogicalXBar_op_comm_shorZ12,Exercise10_48,small
AxQM.shorLogicalXBar_op_comm_shorZ23,Exercise10_48,small
AxQM.shorLogicalXBar_op_comm_shorZ45,Exercise10_48,small
AxQM.shorLogicalXBar_op_comm_shorZ56,Exercise10_48,small
AxQM.shorLogicalXBar_op_comm_shorZ78,Exercise10_48,small
AxQM.shorLogicalXBar_op_comm_shorZ89,Exercise10_48,small
AxQM.shorLogicalZBar_op_comm_shorPhaseSyndromeX123456,Exercise10_48,small
AxQM.shorLogicalZBar_op_comm_shorPhaseSyndromeX456789,Exercise10_48,small
AxQM.stdDev_pauliX_qubitBasis_zero,Exercise2_59,small
AxQM.steaneLogicalXBar_evolvePure_logicalOne,Exercise10_52,small
AxQM.steaneLogicalXBar_evolvePure_logicalZero,Exercise10_52,small
AxQM.swapThenToffoli_evolvePure_ancillaZero,Exercise10_68_FTToffoli,small
AxQM.tGate_evolve_eq_rotZGate_evolve,Exercise4_3,small
AxQM.transversalCoupling_comm_transversalAncillaPhaseError,Exercise10_70,small
AxQM.transversalCoupling_zsxGate_comm_ancillaPhaseError,Exercise10_71,small
AxQM.transversalTGate_op_catVec_seven,Exercise10_71,small
AxQM.zeroTensorBell_not_hasTriorthogonalDecomposition,Exercise2_77,small
CStarMatrix.exists_expUnitary_eq_of_mem_unitary,Exercise2_56,small
CStarMatrix.expUnitary_argSelfAdjoint,Exercise2_56,small
ContinuousLinearMap.absoluteValue_eq_of_unitary_comp,Theorem2_3,small
ContinuousLinearMap.adjoint_absoluteValue_eq_of_comp_unitary,Theorem2_3,small
ContinuousLinearMap.exists_krausSumₗ_eq_entanglementFidelity_eq_normSq_trace,Problem9_2,small
ContinuousLinearMap.exists_unitary_isPositive_polar,Theorem2_3,small
ContinuousLinearMap.krausDiagonalize_card_ne_zero_le_sq,Exercise8_10,small
ContinuousLinearMap.krausGram_krausDiagonalize,Exercise8_10,small
ContinuousLinearMap.krausGram_rank_le_sq,Exercise8_10,small
ContinuousLinearMap.krausSumₗ_krausDiagonalize,Exercise8_10,small
ContinuousLinearMap.sum_adjoint_krausAugment_comp_self,Exercise8_8,small
ContinuousLinearMap.unitary_factor_unique_of_isUnit,Theorem2_3,small
Cryptography.KeyDistribution.card_privateKeys,Exercise12_25,small
DiscreteFourier.directDftOpCount_isTheta,Exercise5_3,small
DiscreteFourier.fftOpCount_isTheta,Exercise5_3,small
DiscreteLogRecovery.discreteLog_of_estimates,Exercise5_24,small
InnerProductSpace.gramSchmidtNormed_span_eq_top,Exercise2_8,small
InnerProductSpace.orthonormalProjector_hasEigenvalue_eq_zero_or_one,Exercise2_23,small
IsStarNormal.exists_eq_diagonalOperator,Exercise2_49,small
IsStarProjection.kronecker,Exercise2_32,small
LinearCode.exists_isUnit_submatrix_eq_one_of_mulVecLin_surjective,Exercise10_16,small
LinearCode.isSelfOrthogonal_range_mulVecLin_iff,Exercise10_24,small
LinearCode.ofParityCheck_updateRow_add,Exercise10_16,small
LinearCode.singleton_bound,Exercise10_21_Singleton,small
LinearCode.sum_neg_one_pow_dotProduct,Exercise10_25,small
LinearMap.IsSymmetric.commute_iff_exists_orthonormalBasis_forall_apply_eq_smul,Theorem2_2,small
LinearMap.adjoint_sum_smul,Exercise2_14,small
LinearMap.isSelfAdjoint_iff_exists_orthonormalBasis_real,Exercise2_21,small
LinearMap.isStarNormal_iff_exists_orthonormalBasis,Theorem2_1,small
LinearMap.toMatrixOrthonormal_change_orthonormalBasis,Exercise2_20,small
Matrix.IsHermitian.eq_polarUnitary_mul_sqrt_conjTranspose_mul_self,Exercise2_48,small
Matrix.IsHermitian.polarUnitary_mem_unitaryGroup,Exercise2_48,small
Matrix.hammingCode_finrank,Exercise10_22,small
Matrix.hermitianOrthonormalBasis_isHermitian,Exercise2_39,small
Matrix.hermitianOrthonormalBasis_orthonormal,Exercise2_39,small
Matrix.isHermitian_iff_forall_spectrum_im_eq_zero,Exercise2_17,small
Matrix.mul_eq_zero_of_range_mulVecLin_eq_ker,Exercise10_18,small
Matrix.range_mulVecLin_addCol,Exercise10_15,small
Matrix.range_mulVecLin_stdGenerator,Exercise10_19,small
Matrix.stdGenerator_mulVecLin_injective,Exercise10_19,small
Module.End.HasEigenvalue.norm_eq_one_of_mem_unitary,Exercise2_18,small
Module.End.stabilizedSubmodule_eq_iInf_eigenspace_one,Exercise10_29,small
MvPolynomial.IsMultilinear.eq_of_forall_eval_boolean,Exercise6_18,small
Nat.Primes.tsum_one_div_sq_le,Exercise5_16,small
Nat.isNontrivialFactor_gcd_sub_one_or_gcd_add_one_of_sq_modEq_one,Theorem5_2,small
NormedSpace.exp_neg_I_mul_smul_sum_of_commute,Exercise4_47,small
NormedSpace.tendsto_pow_exp_smul_mul_exp_smul,Theorem4_3,small
Orthonormal.two_mul_card_sub_two_mul_sqrt_card_le_sum_norm_sub_sq,Exercise6_15,small
OrthonormalBasis.diagonalOperator_eq_norm_comp_phase,Exercise2_49,small
OrthonormalBasis.diagonalOperator_eq_phase_comp_norm,Exercise2_49,small
OrthonormalBasis.diagonalOperator_norm_eq_absoluteValue,Exercise2_49,small
OrthonormalBasis.diagonalOperator_phase_mem_unitary,Exercise2_49,small
ProbabilityTheory.tendsto_meas_abs_sum_range_div_sub_gt,Theorem12_3,small
Real.binEntropyBit_two_inv,Exercise11_3,small
Real.concaveOn_binEntropyBit,Exercise11_4,small
Real.entropy_eq_log_card_iff,Theorem11_2,small
Real.entropy_marginalFst_le,Theorem11_3,small
Real.entropy_sub_entropy_marginalFst_eq_relativeEntropy,Exercise11_7,small
Real.exists_mutualInfo_not_superadditive_counterexample,Exercise11_9,small
Real.isGreatest_range_binEntropyBit,Exercise11_3,small
Real.isMarkovChain_reverseTriple,Exercise11_10,small
Real.mutualInfo_swap,Theorem11_3,small
Real.not_forall_exists_convs_eq_of_abs_sub_le,Theorem5_1,small
Real.not_forall_mutualInfo_superadditive,Exercise11_9,small
Real.relativeEntropy_eq_zero_iff,Theorem11_1,small
Real.spikeEntropyBit_lt,Exercise12_30,small
Real.strictConcaveOn_binEntropyBit,Exercise11_4,small
Real.sum_mul_eq_neg_mul_entropy_of_eq_const_mul_log,Exercise11_2,small
ZMod.dftMatrix_mem_unitaryGroup,Exercise5_1,small
ZMod.not_orderFinding_good_units_printed_bound,Theorem5_3,small
eq_zero_of_lie_eq_zero_of_anticommutator_eq_zero,Exercise2_44,small
isSelfAdjoint_smul_commutator,Exercise2_47,small
mul_eq_invOf_two_mul_lie_add_anticommutator,Exercise2_42,small
mul_eq_invOf_two_smul_lie_add_anticommutator,Exercise2_42,small
normDFT_periodic_eq_zero,Exercise5_20,small
normDFT_periodic_mul,Exercise5_20,small
repetitionCode_finrank,Exercise10_14,small
repetitionParityCheck_ker,Exercise10_17,small
repetitionParityCheck_row_linearIndependent,Exercise10_17,small
two_div_three_mul_sq_le_integral_one_div_sq,Exercise5_16,small
AxQM.Concrete.PauliGroup.exists_commuting_gens_sq_one_ne_negOne_with_negOne_mem,Exercise10_34,moderate
AxQM.Concrete.PauliGroup.exists_gens_sq_one_ne_negOne_with_negOne_mem,Exercise10_34,moderate
AxQM.Concrete.PauliGroup.imOne_notMem_of_negOne_notMem,Exercise10_30,moderate
AxQM.Concrete.PauliGroup.negImOne_notMem_of_negOne_notMem,Exercise10_30,moderate
AxQM.Concrete.PauliGroup.negOne_notMem_closure_iff_forall_sq_eq_one_and_ne_negOne,Exercise10_34,moderate
AxQM.Concrete.PauliGroup.sq_eq_one_and_ne_negOne_of_negOne_notMem_closure,Exercise10_34,moderate
AxQM.Concrete.PauliGroup.sq_eq_one_of_negOne_notMem,Exercise10_35,moderate
AxQM.Concrete.PauliGroup.toMat_isHermitian_of_negOne_notMem,Exercise10_35,moderate
AxQM.Concrete.ampDampChannel_not_unital,Exercise8_29,moderate
AxQM.Concrete.ampDampChannel_toMatrixOrthonormal_of_trace_one,Exercise8_22,moderate
AxQM.Concrete.ampDampCircuit_reduced_eq_ampDampChannel,Exercise8_20,moderate
AxQM.Concrete.chiLambda2_chiGrid2_chiLambda2,Exercise8_34,moderate
AxQM.Concrete.classicalTraceDist_isGreatest,Exercise9_4,moderate
AxQM.Concrete.cnotMatrix_conj_pauliZ2,Exercise10_36,moderate
AxQM.Concrete.counting_query_needs_linear_oracle_calls,Exercise6_14,moderate
AxQM.Concrete.dephasingOperation_eq_operatorSum,Exercise8_4,moderate
AxQM.Concrete.dipoleOverlap_ne_zero_imp_delta_l,Exercise7_16,moderate
AxQM.Concrete.dualRailADChannel_apply_dualRail,Exercise8_23,moderate
AxQM.Concrete.encodedZOp_independentGenerators,Exercise10_53,moderate
AxQM.Concrete.entropy_lt_entropy_fairCoin_of_ne_uniform,Exercise11_1,moderate
AxQM.Concrete.entropy_lt_entropy_fairDie_of_ne_uniform,Exercise11_1,moderate
AxQM.Concrete.exists_abc_decomposition,Corollary4_2,moderate
AxQM.Concrete.exists_circuit_form_cyclotomic,Exercise4_45,moderate
AxQM.Concrete.exists_circuit_form_gaussian,Exercise4_45,moderate
AxQM.Concrete.exists_pauliString_conj_flip,Proposition10_4,moderate
AxQM.Concrete.exists_pow_opNorm_sub_lt,Exercise4_40,moderate
AxQM.Concrete.exists_smul_rotAxis_triple_of_perp,Exercise4_11,moderate
AxQM.Concrete.exists_unitary_two_level_decomposition_length_ge,Exercise4_38,moderate
AxQM.Concrete.exists_xy_decomposition,Exercise4_10,moderate
AxQM.Concrete.exp_matFourThreeLog,Exercise2_34,moderate
AxQM.Concrete.fidelity_not_lower_bound_of_albertiProduct,Problem9_1,moderate
AxQM.Concrete.finrank_tracelessSelfAdjoint_matrix_two_pow,Exercise4_46,moderate
AxQM.Concrete.fockBeamKraus_completeness,Exercise8_21,moderate
AxQM.Concrete.fockBeamKraus_eq_prop_col,Exercise8_21,moderate
AxQM.Concrete.fockDampingKraus_completeness,Exercise8_21,moderate
AxQM.Concrete.kerrTwoPhotonAbsorptionProb,Exercise7_22,moderate
AxQM.Concrete.logicalLabelCircuit_conj_logicalLabelRho,Exercise7_43,moderate
AxQM.Concrete.logicalLabelCircuit_mem_unitaryGroup,Exercise7_43,moderate
AxQM.Concrete.nmrGroverIteration_markedOne,Exercise7_51,moderate
AxQM.Concrete.nmrGroverIteration_markedThree,Exercise7_51,moderate
AxQM.Concrete.nmrGroverIteration_markedTwo,Exercise7_51,moderate
AxQM.Concrete.nmrGroverIteration_markedZero,Exercise7_51,moderate
AxQM.Concrete.normalizer_eq_centralizer_of_negOne_notMem,Exercise10_44,moderate
AxQM.Concrete.not_forall_unit_nonParallel_exists_smul_rotAxis_triple,Exercise4_11,moderate
AxQM.Concrete.orderFindingStateV_eq_orderFindingStateU,Exercise5_14,moderate
AxQM.Concrete.pauliString_commute_iff_symplecticForm,Exercise10_33,moderate
AxQM.Concrete.phaseDampChannel_apply_one,Exercise8_29,moderate
AxQM.Concrete.phaseDampingCircuit_models_phaseDamping,Exercise8_26,moderate
AxQM.Concrete.rotAxis_opNorm_sub,Exercise4_40,moderate
AxQM.Concrete.samplingEstimatorStddev_eq,Exercise6_13,moderate
AxQM.Concrete.spinFlipChannel_eq_kraus,Exercise8_5,moderate
AxQM.Concrete.spontaneousEmissionChannel_eq_ampDampChannel,Exercise8_24,moderate
AxQM.Concrete.sqrtSwapHeisCNOT_eq,Exercise7_52,moderate
AxQM.Concrete.stabilizedSubspace_finrank,Proposition10_5,moderate
AxQM.Concrete.stabilizerDistilledVec_bothHalves,Exercise12_34,moderate
AxQM.Concrete.stabilizerGenerators_independent_iff_checkRow_linearIndependent,Proposition10_3,moderate
AxQM.Concrete.symplecticForm_encXRow_genRow,Exercise10_54,moderate
AxQM.Concrete.temporalLabelCircuit_conjTranspose_conj_temporalLabelRho1,Exercise7_42,moderate
AxQM.Concrete.temporalLabelCircuit_conj_temporalLabelRho1,Exercise7_42,moderate
AxQM.Concrete.toMatrix_swapOperator_hadamard,Exercise2_2,moderate
AxQM.Concrete.toMatrix_swapOperator_std_ne_hadamard,Exercise2_2,moderate
AxQM.Concrete.totalSpin_lie,Exercise7_25,moderate
AxQM.Concrete.unitary_eq_smul_of_conj_twoQubitGenerators,Exercise10_38,moderate
AxQM.Concrete.zRefocusAverage_dipolarCoupling,Exercise7_40,moderate
AxQM.Ensemble.bornProb_refMeasurement_purify,Exercise2_82,moderate
AxQM.Ensemble.postMeasurement_refMeasurement_purify_reducedLeft,Exercise2_82,moderate
AxQM.Ensemble.toState_eq_iff_unitarilyRelated,Theorem2_6,moderate
AxQM.IsChannel.existsUnique_fixedPoint_of_strictlyContractive,Exercise9_10,moderate
AxQM.IsChannel.exists_fixedPoint,Exercise9_9,moderate
AxQM.Observable.exists_real_pauliString_expansion,Problem4_3,moderate
AxQM.Observable.symmTrotterStep_gateError_le,Exercise4_50,moderate
AxQM.Observable.symmTrotterStep_gateError_pow_le,Exercise4_50,moderate
AxQM.PureState.exists_evolution_tmul_id_evolvePure_eq,Exercise2_81,moderate
AxQM.PureState.exists_schmidt_decomposition,Theorem2_7,moderate
AxQM.PureState.exists_schmidt_decomposition_card_le,Exercise2_76,moderate
AxQM.PureState.isProduct_iff_schmidtNumber_eq_one,Exercise2_78,moderate
AxQM.PureState.schmidtNumber_eq_rank_reducedLeft,Problem2_2,moderate
AxQM.PureState.vonNeumannEntropy_reducedLeft_eq_reducedRight,Theorem11_8,moderate
AxQM.State.purity_eq_one_iff_isPure,Exercise2_71,moderate
AxQM.State.typicalSubspaceDim_bounds,Theorem12_5,moderate
AxQM.State.vonNeumannEntropy_concave_of_deriv2_nonpos,Exercise11_22,moderate
AxQM.State.vonNeumannEntropy_eq_log_finrank_iff_eq_maximallyMixed,Theorem11_8,moderate
AxQM.State.vonNeumannEntropy_eq_zero_iff_isPure,Theorem11_8,moderate
AxQM.State.vonNeumannEntropy_mix_orthogonalSupport,Theorem11_8,moderate
AxQM.State.vonNeumannEntropy_tmul,Exercise11_13,moderate
AxQM.additionByFourier_evolvePure_quditBasis,Problem5_6,moderate
AxQM.alternativeSearchHamiltonian_rotates_uniform_to_solution,Exercise6_12,moderate
AxQM.arakiLiebEqualityState_not_isPure,Exercise11_17,moderate
AxQM.bb84_bornProb_matchedBasis,Exercise12_26,moderate
AxQM.bb84_bornProb_mismatchedBasis,Exercise12_26,moderate
AxQM.bb84_bornProb_mismatchedBasis_uncorrelated,Exercise12_26,moderate
AxQM.bellState_reducedLeft,Exercise2_75,moderate
AxQM.bellState_reducedRight,Exercise2_75,moderate
AxQM.bitFlipChannel_eq_measurementModel,Exercise10_2,moderate
AxQM.bitFlipEncode_evolvePure_qubitSuperposition,Exercise10_1,moderate
AxQM.bitFlipError_diagnoses_syndrome,Exercise10_4,moderate
AxQM.bitFlipRecovery_apply_encoded_ne,Exercise10_4,moderate
AxQM.bitFlipRecovery_apply_logicalOne,Exercise10_4,moderate
AxQM.bitFlipRecovery_apply_logicalZero,Exercise10_4,moderate
AxQM.blochState_isPure_iff_norm_one,Exercise2_72,moderate
AxQM.blockPhaseFlip_recovery,Exercise10_6,moderate
AxQM.blockXObservable_hasEigenstate_blockPhaseFlip_catBlockState,Exercise10_70,moderate
AxQM.ccontrolledUnitaryCircuit_eq_ccontrolledUnitary,Exercise4_21,moderate
AxQM.chsh_tmul_sq,Problem2_3,moderate
AxQM.cnotGate_conj_pauliXGate_onLeft,Exercise4_31,moderate
AxQM.cnotGate_conj_pauliXGate_onRight,Exercise4_31,moderate
AxQM.cnotGate_conj_pauliZGate_onLeft,Exercise4_31,moderate
AxQM.cnotGate_conj_pauliZGate_onRight,Exercise4_31,moderate
AxQM.cnotGate_eq_singleQubit_conj_opticalKerrGate,Exercise7_23,moderate
AxQM.cnotGate_evolvePure_qubitMinus_qubitMinus,Exercise4_20,moderate
AxQM.cnotGate_evolvePure_qubitMinus_qubitPlus,Exercise4_20,moderate
AxQM.cnotGate_evolvePure_qubitPlus_qubitMinus,Exercise4_20,moderate
AxQM.cnotGate_evolvePure_qubitPlus_qubitPlus,Exercise4_20,moderate
AxQM.cnotGate_evolve_twoQubitStdMatrix,Exercise4_19,moderate
AxQM.commuting_observables_classicalProbability,Exercise12_33,moderate
AxQM.controlledUnitary_rotXGate,Exercise4_23,moderate
AxQM.controlledUnitary_rotYGate,Exercise4_23,moderate
AxQM.controlledZGate_swap_symm,Exercise4_18,moderate
AxQM.corrects_conjugate,Problem10_1,moderate
AxQM.cssCode_same_correction,Exercise10_27,moderate
AxQM.cssStabilizedSpace_eq_cssCodeSpace,Exercise10_51,moderate
AxQM.cssTwistedCode_same_correction,Exercise10_27,moderate
AxQM.deutschOracleConstOne_bornProb,Exercise7_13,moderate
AxQM.deutschOracleConstZero_bornProb,Exercise7_13,moderate
AxQM.deutschOracleIdentity_eq_kerrGate_conj_hadamard,Exercise7_13,moderate
AxQM.deutschOracleIdentity_isDeutschOracle,Exercise7_13,moderate
AxQM.deutschOracleNegation_eq_kerrGate_conj_hadamard_mirror,Exercise7_13,moderate
AxQM.deutschOracleNegation_isDeutschOracle,Exercise7_13,moderate
AxQM.encodingTeleportation_identity,Problem10_4_EncodingByTeleportation,moderate
AxQM.entangledThree_isSchmidtDecomposition,Exercise2_79,moderate
AxQM.envModelChannel_hasOperatorSum,Exercise8_3,moderate
AxQM.eprMeasureFirstX_postMeasurement_one,Exercise12_37,moderate
AxQM.eprMeasureFirstX_postMeasurement_zero,Exercise12_37,moderate
AxQM.eprMeasureFirstZ_postMeasurement_one,Exercise12_37,moderate
AxQM.eprMeasureFirstZ_postMeasurement_zero,Exercise12_37,moderate
AxQM.exists_polynomial_pauliStringHamiltonian_card_le,Exercise4_48,moderate
AxQM.fiveEncodedZeroPrep_measures,Exercise10_74,moderate
AxQM.fiveEncodedZeroPrep_stabilized_zero,Exercise10_74,moderate
AxQM.fiveQubitCode_saturates_quantumHammingBound,Exercise10_50,moderate
AxQM.fiveSyndromeCircuit_measures,Exercise10_60,moderate
AxQM.fredkinGate_eq_cnot_comp_middleToffoli_comp_cnot,Exercise4_25,moderate
AxQM.fredkinGate_eq_toffoli_comp_middleToffoli_comp_toffoli,Exercise4_25,moderate
AxQM.genDepolarizingChannel_op_eq_krausSum,Exercise8_19,moderate
AxQM.generalMeasurementEnvOp_eq_sum_krausOp,Exercise8_7,moderate
AxQM.grover_multipleSolutions_bornProb_solution_ge_half,Exercise6_4,moderate
AxQM.hadamardGate_evolve_eq_hadamardABCGate_evolve,Exercise4_12,moderate
AxQM.hadamardGate_op_eq_expPiDivTwo_smul_hadamardABCGate,Exercise4_12,moderate
AxQM.hadamardOnLeft_flattenFin4,Exercise4_16,moderate
AxQM.hadamardOnRight_flattenFin4,Exercise4_16,moderate
AxQM.hamSimCircuitConj_evolvePure_tmul_zero,Exercise6_7,moderate
AxQM.hamSimCircuit_evolvePure_tmul_zero,Exercise6_7,moderate
AxQM.holevoMeasurementChannel_apply_tmul,Exercise12_2,moderate
AxQM.informationGain_implies_disturbance,Proposition12_18,moderate
AxQM.ionTrapCnotCircuit_eq_pauliZ_control_comp_cnot,Exercise7_32,moderate
AxQM.isPure_reducedLeft_toState_tmul,Exercise2_74,moderate
AxQM.ixxObservable_hasEigenstate_one_phaseFlipCodewordState,Exercise10_46,moderate
AxQM.linearOptics_exponential_lower_bound,Problem7_2,moderate
AxQM.localZParity_bornProb_eq_bitFlipMeasurement,Exercise12_32,moderate
AxQM.measureObservableCircuitZError_evolvePure_qubitBasisZero_of_eigenstate,Exercise10_70,moderate
AxQM.measureObservableCircuit_bornProb_measure_control_zero,Problem5_3,moderate
AxQM.measureObservableCircuit_bornProb_measure_control_zero_pow,Problem5_3,moderate
AxQM.measureObservableCircuit_controlMeasurement_bornProb,Exercise4_34,moderate
AxQM.measureObservableCircuit_controlMeasurement_postMeasurement_one,Exercise4_34,moderate
AxQM.measureObservableCircuit_controlMeasurement_postMeasurement_zero,Exercise4_34,moderate
AxQM.measureObservableCircuit_op_qubitBasisZero_tmul,Exercise10_58,moderate
AxQM.measureObservableCircuit_op_qubitBasisZero_tmul_signMeasurement,Exercise5_9,moderate
AxQM.measureObservableCircuit_pauliXGate_evolvePure_ketZero_qubitMinus,Exercise10_58,moderate
AxQM.measureObservableCircuit_pauliXGate_evolvePure_ketZero_qubitPlus,Exercise10_58,moderate
AxQM.measureObservableCircuit_pauliZGate_evolvePure_ketZero_qubitBasisOne,Exercise10_58,moderate
AxQM.measureObservableCircuit_pauliZGate_evolvePure_ketZero_qubitBasisZero,Exercise10_58,moderate
AxQM.measureObservableCircuit_sxCorrectionGate_ketZero_eigenstateMinus,Exercise10_71,moderate
AxQM.measureObservableCircuit_sxCorrectionGate_ketZero_eigenstatePlus,Exercise10_71,moderate
AxQM.measurementModel_bornProb_eq_trace,Exercise8_9,moderate
AxQM.measurementModel_reducedLeft_postMeasurement_op,Exercise8_9,moderate
AxQM.modFourAdderCircuit_evolvePure_adderKet,Exercise4_36,moderate
AxQM.nEPRVec_eq_sum_cssPhaseFamily_tmul,Exercise12_36,moderate
AxQM.nmrBellCircuit_evolvePure_toState,Exercise7_48,moderate
AxQM.nmrCnotCircuit_op_apply_phase,Exercise7_47,moderate
AxQM.pauliStringHamiltonian_xyz_propagator_eq_conj,Exercise4_51,moderate
AxQM.phaseFlipCodeProj_eq_projPlus_comp,Exercise10_46,moderate
AxQM.qftEvolution_evolvePure_quditBasis_zero,Exercise5_2,moderate
AxQM.qftEvolution_evolvePure_quditBasis_zero_two_pow,Exercise5_2,moderate
AxQM.qubitBasis_one_blochVector,Exercise4_1,moderate
AxQM.qubitKet0_blochVector,Exercise4_1,moderate
AxQM.qubitMinusI_blochVector,Exercise4_1,moderate
AxQM.qubitMinus_blochVector,Exercise4_1,moderate
AxQM.qubitPlusI_blochVector,Exercise4_1,moderate
AxQM.qubitPlus_blochVector,Exercise4_1,moderate
AxQM.quditBasis_eq_sum_qftInverseFourierImage,Exercise5_21,moderate
AxQM.resetMeasurement_can_decrease_entropy,Exercise11_15,moderate
AxQM.rotZGate_onLeft_comm_cnotGate,Exercise4_31,moderate
AxQM.rzThreeFifthsCircuit_success_eq_rotZ,Exercise4_41,moderate
AxQM.schumacherBlock_overlap,Exercise12_6,moderate
AxQM.searchSimulationStep_op,Exercise6_9,moderate
AxQM.shorLogicalXBar_evolvePure_shorCodeword,Exercise10_48,moderate
AxQM.shorLogicalXBar_op_anticomm_shorLogicalZBar_op,Exercise10_48,moderate
AxQM.shorLogicalXBar_op_comm_shorPhaseSyndromeX123456,Exercise10_48,moderate
AxQM.shorLogicalXBar_op_comm_shorPhaseSyndromeX456789,Exercise10_48,moderate
AxQM.shorLogicalZBar_hasEigenstate_shorCodeword,Exercise10_48,moderate
AxQM.shorLogicalZBar_op_comm_shorZ12,Exercise10_48,moderate
AxQM.shorLogicalZBar_op_comm_shorZ23,Exercise10_48,moderate
AxQM.shorLogicalZBar_op_comm_shorZ45,Exercise10_48,moderate
AxQM.shorLogicalZBar_op_comm_shorZ56,Exercise10_48,moderate
AxQM.shorLogicalZBar_op_comm_shorZ78,Exercise10_48,moderate
AxQM.shorLogicalZBar_op_comm_shorZ89,Exercise10_48,moderate
AxQM.shorPhaseSyndromeX123456_hasEigenstate_shorCatProduct,Exercise10_5,moderate
AxQM.shorPhaseSyndromeX456789_hasEigenstate_shorCatProduct,Exercise10_5,moderate
AxQM.shorSyndromeCircuit_measures,Exercise10_60,moderate
AxQM.sixStateState_hasEigenstate,Exercise12_29,moderate
AxQM.sixState_bornProb_matchedBasis,Exercise12_29,moderate
AxQM.steaneEncodedHadamard_action,Exercise10_63,moderate
AxQM.steaneStabilizer_hasEigenstate_one_logicalOne,Exercise10_32,moderate
AxQM.steaneStabilizer_hasEigenstate_one_logicalZero,Exercise10_32,moderate
AxQM.steaneStandardLogicalXBar_evolvePure_logicalOne,Exercise10_55,moderate
AxQM.steaneStandardLogicalXBar_evolvePure_logicalZero,Exercise10_55,moderate
AxQM.steaneZeroStabilizer_hasEigenstate_one_logicalZero,Exercise10_73_FTencodedState,moderate
AxQM.swapViaCnots_evolvePure_ketZero,Exercise10_65,moderate
AxQM.toffoliAncilla_vec,Exercise10_72_ToffoliAncilla,moderate
AxQM.toffoliGate_comp_pauliXGate_control_propagates,Exercise10_67,moderate
AxQM.toffoliGate_comp_pauliZGate_target_propagates,Exercise10_67,moderate
AxQM.traceOfPow_genDepolarizingChannel_le,Exercise8_18,moderate
AxQM.twoLevelUnitaryCircuit_evolvePure_active_ketOne,Exercise4_39,moderate
AxQM.twoLevelUnitaryCircuit_evolvePure_active_ketZero,Exercise4_39,moderate
AxQM.twoLevelUnitaryCircuit_evolvePure_inactive,Exercise4_39,moderate
AxQM.twoSpin_state_eq_of_expectation_nineExperiments,Exercise7_45,moderate
AxQM.vonNeumannEntropy_entropyComparisonState,Exercise11_12,moderate
AxQM.vonNeumannEntropy_entropyComparisonState_le,Exercise11_12,moderate
AxQM.vonNeumannEntropy_entropyComparisonState_lt,Exercise11_12,moderate
AxQM.vonNeumannEntropy_entropyExampleMixedState,Exercise11_11,moderate
AxQM.vonNeumannEntropy_entropyExamplePlusState,Exercise11_11,moderate
AxQM.vonNeumannEntropy_entropyExampleZeroState,Exercise11_11,moderate
AxQM.xixObservable_hasEigenstate_one_phaseFlipCodewordState,Exercise10_46,moderate
AxQM.xxIObservable_hasEigenstate_one_phaseFlipCodewordState,Exercise10_46,moderate
ContinuousLinearMap.exists_krausSumₗ_eq_fin_finrank,Exercise8_11,moderate
ContinuousLinearMap.exists_krausSumₗ_eq_fin_finrank_sq,Theorem8_3,moderate
ContinuousLinearMap.isGreatest_norm_trace_mul_unitary,Lemma9_5,moderate
ContinuousLinearMap.krausSumₗ_eq_iff_exists_mem_unitaryGroup,Theorem8_2,moderate
ContinuousLinearMap.quantumRelativeEntropy_smul_smul_of_hasSupportLE,Problem11_2,moderate
Finset.card_powersetCard_filter_inter_lt_and_lt_div_choose_le_two_pow,Exercise12_27,moderate
GaloisField.exists_linear_isCycle_perm_transvecCount,Problem7_1,moderate
LinearCode.exists_correctsErrors_of_rate_le,Exercise10_23_GilbertVarshamov,moderate
LinearCode.exists_nestedPair_correctsErrors_of_rate_le,Problem10_2_GilbertVarshamov,moderate
LinearIsometryEquiv.exists_conjStarAlgEquiv_oneDesign,Exercise11_19,moderate
LinearMap.exists_unitary_proj_krausComplement,Exercise8_8,moderate
Matrix.hammingCode_correctsErrors_one,Exercise10_22,moderate
Matrix.hammingCode_minDist,Exercise10_22,moderate
Matrix.minDist_ker_eq_of_columns,Exercise10_20,moderate
NormedSpace.isBigO_exp_smul_add_sub_exp_half_smul_mul_exp_smul_mul_exp_half_smul,Exercise4_49,moderate
NormedSpace.isBigO_exp_smul_add_sub_exp_smul_mul_exp_smul,Exercise4_49,moderate
NormedSpace.isBigO_exp_smul_add_sub_exp_smul_mul_exp_smul_mul_exp_lie,Exercise4_49,moderate
Real.XorMutualInfo.mutualInfo_xorDist_not_subadditive,Exercise11_8,moderate
Real.avgCollisionEntropy_ge,Theorem12_16,moderate
Real.avgCollisionEntropy_le_avgShannonEntropy,Theorem12_16,moderate
Real.condEntropy_law_chain,Theorem11_4,moderate
Real.condEntropy_marginalFstLast_le_condEntropyPairGivenLast,Problem11_3,moderate
Real.condEntropy_nonneg,Theorem11_3,moderate
Real.entropy_marginalFst_eq_iff_sndDeterminedByFst,Theorem11_3,moderate
Real.exists_card_typicalSeq_bounds,Theorem12_2,moderate
Real.exists_le_sum_typicalSeq,Theorem12_2,moderate
Real.exists_lt_universalHash_literalBound,Theorem12_16,moderate
Real.exists_reliable_compressionScheme,Theorem12_4,moderate
Real.exists_sum_prod_le_of_card_le_exp,Theorem12_2,moderate
Real.exists_typicalCode_expectedLength_le,Exercise12_5,moderate
Real.mutualInfo_eq_marginalSnd_iff_sndDeterminedByFst,Theorem11_3,moderate
Real.mutualInfo_le_marginalSnd,Theorem11_3,moderate
Real.mutualInfo_marginalFstMid_eq_marginalFst_iff,Theorem11_5,moderate
Real.mutualInfo_marginalFstMid_le_marginalFst,Theorem11_5,moderate
Real.not_forall_conditional_strong_subadditivity,Problem11_4,moderate
Real.not_reliable_compressionScheme,Theorem12_4,moderate
Real.prob_condCollisionEntropy_ge,Theorem12_17,moderate
Real.relativeEntropy_condEntropyRef_eq_zero_iff,Exercise11_7,moderate
Real.relativeEntropy_condEntropyRef_nonneg,Exercise11_7,moderate
Real.relativeEntropy_indepProd_eq,Exercise11_5,moderate
SpontaneousEmission.deriv_spontaneousDecayProb_eq_gammaRad,Exercise7_29,moderate
SpontaneousEmission.spontaneousDecayProb_eq_gammaRad_mul,Exercise7_29,moderate
ZMod.orderFinding_good_units_card_ge,Theorem5_3,moderate
generalized_klein_inequality,Problem11_1,moderate
majorize_iff_exists_sum_perm,Proposition12_11,moderate
majorize_iff_forall_tailSum,Exercise12_17,moderate
majorize_tail_update_of_antitone,Exercise12_19,moderate
AxQM.Concrete.StabilizerTableau.run_stabilizes,Theorem10_7_GottesmanKnill,large
AxQM.Concrete.checkRow_encodingCircuit_data,Problem10_3_EncodingStabilizer,large
AxQM.Concrete.checkRow_encodingCircuit_middle,Problem10_3_EncodingStabilizer,large
AxQM.Concrete.codeProjector_isCorrectableErrorSet,Theorem10_8,large
AxQM.Concrete.concat_stabilizedSubspace_finrank,Exercise10_62,large
AxQM.Concrete.dipolarCoupling_matrixSphericalAverage,Exercise7_35,large
AxQM.Concrete.encodingCircuit_standardForm_achievable,Problem10_3_EncodingStabilizer,large
AxQM.Concrete.fiveQubitCode_isCorrectableErrorSet,Exercise10_49,large
AxQM.Concrete.isPauliNormalizer_singleQubit_eq_smul_cliffordCircuit,Exercise10_40,large
AxQM.Concrete.locatedPauliErrors_isCorrectableErrorSet,Exercise10_45_LocatedErrors,large
AxQM.Concrete.locatedPauliErrors_isCorrectableErrorSet_of_dist_ge,Exercise10_45_LocatedErrors,large
AxQM.Concrete.phaseDampCNOTChannel_eq_phaseDampKrausTilde,Exercise8_28,large
AxQM.Concrete.phaseDampCNOTChannel_eq_phaseFlipChannel,Exercise8_28,large
AxQM.Concrete.stabilizerDistilledVec_error_corrected_of_weight_le,Exercise12_34,large
AxQM.Concrete.stabilizerDistilledVec_normSq_eq_two_pow,Exercise12_34,large
AxQM.Ensemble.IsMinimalFor.prob_eq_inv_pseudoInverseExpectation,Exercise2_73,large
AxQM.Ensemble.exists_orthonormalBasis_refMeasurement_recovers_ensemble,Exercise2_82,large
AxQM.Evolution.exists_pauliString_trotter_approximation_explicit,Problem4_3,large
AxQM.Measurement.IsProjective.vonNeumannEntropy_unreadState_eq_iff,Theorem11_9,large
AxQM.Measurement.IsProjective.vonNeumannEntropy_unreadState_ge,Theorem11_9,large
AxQM.Observable.exists_norm_prod_pauliStringHamiltonian_propagator_sub_le,Problem4_3,large
AxQM.PureState.bellCount_le_of_reducedLeft_loccConvertible,Exercise12_24,large
AxQM.PureState.isProduct_iff_isPure_reducedLeft,Exercise2_78,large
AxQM.PureState.isProduct_iff_isPure_reducedRight,Exercise2_78,large
AxQM.PureState.not_isProduct_iff_condVonNeumannEntropy_neg,Exercise11_14,large
AxQM.PureState.one_sub_fidelity_sq_le_traceDistance,Exercise9_21,large
AxQM.PureState.schmidtNumber_le_of_reducedLeft_loccConvertible,Exercise12_24,large
AxQM.State.LOCCConvertible_of_majorize,Exercise12_20,large
AxQM.State.abs_vonNeumannEntropy_sub_le_fannes,Theorem11_6,large
AxQM.State.abs_vonNeumannEntropy_sub_le_fannes_weak,Theorem11_6,large
AxQM.State.angle_eq_zero_iff,Exercise9_17,large
AxQM.State.angle_le_pi_div_two,Exercise9_17,large
AxQM.State.entropyMixLine_deriv2_nonpos_of_isStrictlyPositive,Exercise11_22,large
AxQM.State.fidelity_concaveLeft,Exercise9_20,large
AxQM.State.holevoChi_measState_eq_mutualInfo,Problem12_1,large
AxQM.State.isGreatest_classicalTraceDist_bornProb,Theorem9_1,large
AxQM.State.isGreatest_norm_overlap_purification,Theorem9_4,large
AxQM.State.isGreatest_norm_overlap_purification_fixed,Exercise9_15,large
AxQM.State.loccConvertible_iff_majorize,Theorem12_15,large
AxQM.State.maximallyMixedState_unique_maxEntropy,Exercise11_19,large
AxQM.State.quantumRelativeEntropy_eq_zero_iff_of_hasSupportLE,Theorem11_7,large
AxQM.State.quantumRelativeEntropy_nonneg_of_hasSupportLE,Theorem11_7,large
AxQM.State.reliablyCompressible_iff_vonNeumannEntropy_lt,Theorem12_6,large
AxQM.State.smallSubspace_bornProb_le,Theorem12_5,large
AxQM.State.sum_mul_fidelity_le_fidelity_mix,Exercise9_19,large
AxQM.State.sum_sqrt_mul_fidelity_le_fidelity_mix,Theorem9_7,large
AxQM.State.traceDistance_mix_le,Theorem9_3,large
AxQM.State.traceDistance_mix_left_convex,Exercise9_8,large
AxQM.State.traceDistance_mix_right_convex,Exercise9_8,large
AxQM.State.typicalSubspace_bornProb_ge,Theorem12_5,large
AxQM.State.vonNeumannEntropy_concave,Exercise11_22,large
AxQM.State.vonNeumannEntropy_jointEntropyTheorem,Theorem11_8,large
AxQM.State.vonNeumannEntropy_mix_eq_iff_orthogonal,Theorem11_10,large
AxQM.State.vonNeumannEntropy_mix_eq_sum_iff_forall_eq,Exercise11_18,large
AxQM.alternativeSearchHamiltonian_simulation_gateError_pow_le,Exercise6_12,large
AxQM.amplitudeDampingChannel_isLeast_fidelity,Exercise10_13,large
AxQM.arakiLiebEqualityState_vonNeumannEntropy_eq_reducedRight_sub_reducedLeft,Exercise11_17,large
AxQM.augmentedSearchOracle_marks_solution_and_zero,Exercise6_5,large
AxQM.b92_perfectly_correlated,Exercise12_28,large
AxQM.bellMeasurement_op_eq_bellMeasurementCircuit_conj,Exercise4_33,large
AxQM.bitFlipChannel_isFixedPt_blochState_iff,Exercise9_13,large
AxQM.bitFlipChannel_traceDistance_le,Exercise9_13,large
AxQM.catAncilla_single_fault_at_most_one_error,Exercise10_69,large
AxQM.catalysisState_not_loccConvertible,Exercise12_21,large
AxQM.catalysisState_tmul_loccConvertible,Exercise12_21,large
AxQM.ccontrolledUnitary_gateCount_le,Exercise4_22,large
AxQM.channelHolevoChi_eq_sSup_pureEnsemble,Exercise12_11,large
AxQM.channelHolevoChi_eq_sSup_pureLeCardEnsemble,Exercise12_11,large
AxQM.classicalCorr_arakiLieb_condition_not_sufficient,Exercise11_16,large
AxQM.cnotGate_conj_pauliYGate_onLeft,Exercise4_31,large
AxQM.cnotGate_conj_pauliYGate_onRight,Exercise4_31,large
AxQM.cnotGate_hadamardConj_evolvePure_qubitBasis,Exercise4_20,large
AxQM.controlledRk_eq_cnot_circuit,Exercise5_4,large
AxQM.deutschGate_conj_mem_deutschReachableEvolutions,Exercise4_44,large
AxQM.deutschOracleIdentity_bornProb,Exercise7_13,large
AxQM.deutschOracleNegation_bornProb,Exercise7_13,large
AxQM.dottedBoxCircuit_evolve_eq_conditionalPhaseShift,Exercise6_6,large
AxQM.encodedCnotGateTeleportation_identity,Problem10_5,large
AxQM.ensembleAvgFidelity_eq_one_iff,Exercise9_23,large
AxQM.exists_barenco5Circuit_eq_mcCtrl,Exercise4_28,large
AxQM.exists_barencoNCircuit_eq_mcCtrl,Exercise4_30,large
AxQM.exists_cnotEvolution_paritySyndrome,Exercise10_26,large
AxQM.exists_condEntropyPairGivenC_lt,Problem11_3,large
AxQM.exists_correctionChannel_of_decoupledLeftFactor,Exercise12_14,large
AxQM.exists_correction_of_decoupledLeftFactor,Exercise12_14,large
AxQM.exists_gateCircuit_twoLevelUnitaryCircuit,Exercise4_39,large
AxQM.exists_isMinimalFor_states_eq_of_memSupport,Exercise2_73,large
AxQM.exists_mem_specialOrthogonalGroup_unitaryGate_evolve_blochState,Exercise8_13,large
AxQM.exists_orthogonalCloningCircuit,Exercise12_1,large
AxQM.exists_twoQubitCircuit_eq_fredkinGate_five,Exercise4_25,large
AxQM.exists_twoQubitCircuit_eq_fredkinGate_six,Exercise4_25,large
AxQM.exists_unital_channel_not_isRandomUnitary,Problem8_3,large
AxQM.exists_vonNeumannMutualInfo_gt_reducedLeft_vonNeumannEntropy,Exercise11_26,large
AxQM.fiveEncodedZero_exists,Exercise10_74,large
AxQM.fiveEncodedZero_unique,Exercise10_74,large
AxQM.holevoChi_lt_holevoChi_clone,Problem12_2,large
AxQM.hspQueryState_reducedLeft_pi_hsOverlap_le_of_sampleCount,Problem5_5,large
AxQM.isQuantumOperation_iff_isOperatorSum,Theorem8_1,large
AxQM.linearOptics_deutschJozsa,Problem7_2,large
AxQM.linearOptics_twoQubitSearch,Problem7_2,large
AxQM.linearOptics_universal,Problem7_2,large
AxQM.localXParity_bornProb_eq_phaseFlipMeasurement,Exercise12_32,large
AxQM.measureObservableCircuitZError_sxCorrectionGate_eigenstatePlus,Exercise10_71,large
AxQM.measureObservableCircuit_pauliXGate_eq_hadamardConjReversedCnot,Exercise10_58,large
AxQM.measureObservableCircuit_pauliZGate_eq_reversedCnotGate,Exercise10_58,large
AxQM.measureObservableCircuit_xTypeGenerator_eq_fig1017Block,Exercise10_59,large
AxQM.measureObservableCircuit_zTypeGenerator_eq_fig1017Block,Exercise10_59,large
AxQM.measuredSwapCircuit1_corrected,Exercise10_65,large
AxQM.measuredSwapCircuit2_corrected,Exercise10_65,large
AxQM.mutualInfo_sicQubitState_lt_log_two,Exercise12_4,large
AxQM.nmrCnot_globalPhase_correction_eq_cnotGate,Exercise7_47,large
AxQM.nmrControlledZSequence_evolve_eq_controlledZGate,Exercise7_41,large
AxQM.nmrControlledZ_globalPhase_eq_controlledZGate,Exercise7_41,large
AxQM.nmrCoupledPairFID_eq,Exercise7_37,large
AxQM.nmrGroverOracleOne_eq_globalPhaseGate_comp,Exercise7_50,large
AxQM.nmrGroverOracleOne_evolve_eq_groverOracleOne,Exercise7_50,large
AxQM.nmrGroverOracleTwo_eq_globalPhaseGate_comp,Exercise7_50,large
AxQM.nmrGroverOracleTwo_evolve_eq_groverOracleTwo,Exercise7_50,large
AxQM.nmrGroverOracleZero_eq_globalPhaseGate_comp,Exercise7_50,large
AxQM.nmrGroverOracleZero_evolve_eq_groverOracleZero,Exercise7_50,large
AxQM.nmrSwapCircuit_evolve_eq_swap,Exercise7_49,large
AxQM.not_condEntropyPairGivenC_ge_condEntropyFirstGivenC_sub_condEntropySecondGivenC,Problem11_3,large
AxQM.not_strictlyContractive_bitFlipChannel,Exercise9_13,large
AxQM.orZeroError_bornProb_query_lower_bound,Exercise6_20,large
AxQM.oracleBellState_bornProb,Problem6_2,large
AxQM.partialCyclicPermCircuit_evolvePure_qubitBasis,Exercise4_27,large
AxQM.pauliDepolarizingChannel_fidelity_ket0,Exercise10_12,large
AxQM.pauliDepolarizingChannel_isLeast_fidelity,Exercise10_12,large
AxQM.pauliStringExpCircuit_op_eq_propagator,Problem4_3,large
AxQM.phaseFlipCode_satisfiesQECConditions,Exercise10_8,large
AxQM.phaseFlipCode_satisfiesQECConditions_fullErrorSet,Exercise10_9,large
AxQM.properNmrCnot_evolve_eq_cnotGate,Exercise7_47,large
AxQM.qftApprox_gateError_div_mem_Icc,Exercise5_6,large
AxQM.qftTowerEvolution_measure_postMeasurement_eq_towerKet,Problem5_2,large
AxQM.qubitClassicalSource_reliablyCompressible,Exercise12_7,large
AxQM.qubitClassicalSource_vonNeumannEntropy,Exercise12_7,large
AxQM.qubitDepolarizingChannel_blochState_traceDistance,Exercise9_12,large
AxQM.qubitDepolarizingChannel_strictlyContractive,Exercise9_12,large
AxQM.qubitDepolarizingChannel_traceDistance,Exercise9_12,large
AxQM.relativePhaseToffoliGate_relativePhaseEquiv_toffoliGate,Exercise4_26,large
AxQM.replaceMix_strictlyContractive,Exercise9_11,large
AxQM.rzThreeFifthsCircuit_bothZero_bornProb,Exercise4_41,large
AxQM.satisfiesQECConditions_iff_exists_correction,Theorem10_1,large
AxQM.schumacherBlock_fidelity,Exercise12_6,large
AxQM.searchHamiltonianMSolution_measure_yields_solution,Exercise6_11,large
AxQM.searchStepEvolution_exactSearch,Exercise6_10,large
AxQM.search_bornProb_averaged_success_imp_queries_ge,Exercise6_16,large
AxQM.search_bornProb_multi_solution_imp_queries_ge,Exercise6_17,large
AxQM.semiclassicalMeasuredQft_postMeasurement_eq_towerKet,Problem5_2,large
AxQM.shorCode_satisfiesQECConditions,Exercise10_10,large
AxQM.shorStabilizer_hasEigenstate_one_shorCodeword,Exercise10_47,large
AxQM.sixState_bornProb_mismatchedBasis_uncorrelated,Exercise12_29,large
AxQM.steaneLogicalZero_eq_of_stabilized,Exercise10_73_FTencodedState,large
AxQM.threeBitFlipNoise_satisfiesQECConditions,Exercise10_7,large
AxQM.threeQubitBitFlip_minFidelity,Exercise10_4,large
AxQM.toffoliAncillaStabX1_hasEigenstate_one,Exercise10_72_ToffoliAncilla,large
AxQM.toffoliAncillaStabX2_hasEigenstate_one,Exercise10_72_ToffoliAncilla,large
AxQM.toffoliAncillaStabZ3_hasEigenstate_one,Exercise10_72_ToffoliAncilla,large
AxQM.toffoliAncilla_eq_of_stabilized,Exercise10_72_ToffoliAncilla,large
AxQM.toffoliFig49Circuit_eq_toffoliGate,Exercise4_24,large
AxQM.traceDistance_channel_le,Theorem9_2,large
AxQM.traceDistance_qubitMix_xBasis,Exercise9_6,large
AxQM.traceDistance_qubitMix_zBasis,Exercise9_6,large
ContinuousLinearMap.IsDensityOp.quantumRelativeEntropy_nonneg_of_generalizedKlein,Problem11_1,large
ContinuousLinearMap.entanglementFidelity_ge_one_sub_of_subspace_fidelity,Problem9_3,large
ContinuousLinearMap.entropyExchange_channelMix_ge,Exercise12_13,large
ContinuousLinearMap.entropyExchange_le_binEntropy_entanglementFidelity_add,Theorem12_9,large
ContinuousLinearMap.isGLB_albertiProduct,Problem9_1,large
ContinuousLinearMap.quantumRelativeEntropy_jointConvex_of_subadditive_of_hasSupportLE,Problem11_2,large
ContinuousLinearMap.quantumRelativeEntropy_subadditive_of_jointConvex_of_hasSupportLE,Problem11_2,large
ContinuousLinearMap.satisfiesKLConditions_iff_exists_correction,Theorem10_1,large
ContinuousLinearMap.satisfiesOperationAxioms_iff_isOperatorSum,Theorem8_1,large
Matrix.IsHermitian.majorize_iff_exists_sum_smul_unitary_conj,Theorem12_13,large
Real.channelCapacity_channelComp_bscChannel_lt_min,Exercise12_10,large
Real.channelCapacity_channelComp_le_min,Exercise12_10,large
Real.channelCapacity_erasureChannel_lt_bscChannel_at_one,Exercise12_9,large
Real.condEntropy_le_marginalFst,Theorem11_3,large
Real.entropy_add_marginal_eq_iff,Exercise11_5 Theorem11_3,large
Real.entropy_conditioning_le,Theorem11_3,large
Real.entropy_le_add_marginal,Exercise11_5 Theorem11_3,large
Real.entropy_triple_add_marginal_eq_iff,Exercise11_6 Theorem11_3,large
Real.entropy_triple_add_marginal_le,Exercise11_6 Theorem11_3,large
Real.erasureChannel_capacity_gt_bsc,Exercise12_9,large
Real.erasureChannel_channelCapacity,Exercise12_9,large
Real.mutualInfo_eq_zero_iff,Theorem11_3,large
Real.mutualInfo_marginalFstLast_le_marginalFstMid,Theorem11_5,large
Real.mutualInfo_nonneg,Theorem11_3,large
Real.sum_mul_entropy_le_entropy_convexCombination,Exercise11_21,large
TensorProduct.concaveAt_trace_one_sub_isPositive,Theorem11_11,large
TensorProduct.concaveOn_trace_one_sub_isPositive,Theorem11_11,large
AxQM.Concrete.cssStabilizer_isCorrectableErrorSet_of_correctsErrors,Exercise10_51,very-large
AxQM.Concrete.isPauliNormalizer_eq_smul_cliffordCircuit_bigO,Theorem10_6,very-large
AxQM.Concrete.isPauliNormalizer_eq_smul_cliffordCircuit_length_le,Exercise10_40,very-large
AxQM.Evolution.exists_pauliString_trotter_circuit_gateCount,Problem4_3,very-large
AxQM.OneWayLOCC.of_exists_transforms_pureState,Proposition12_14,very-large
AxQM.OneWayLOCC.of_transforms_pureState,Proposition12_14,very-large
AxQM.PureState.convertibleNoComm_iff_exists_sameNonzeroSpectrum_tmul,Exercise12_22,very-large
AxQM.PureState.distillableEntanglement_reducedLeft_le,Exercise12_23,very-large
AxQM.PureState.eavesdropper_mutualInfo_le_vonNeumannEntropy,Exercise12_31,very-large
AxQM.State.angle_channel_le,Exercise9_18,very-large
AxQM.State.coherentInfoComp_le_coherentInfo,Theorem12_10,very-large
AxQM.State.coherentInfoComp_le_vonNeumannEntropy,Exercise12_15,very-large
AxQM.State.coherentInfo_le_vonNeumannEntropy,Theorem12_10,very-large
AxQM.State.condEntropy_add_le_add,Problem11_4,very-large
AxQM.State.condVonNeumannEntropy_concave,Corollary11_13 Exercise11_25,very-large
AxQM.State.conditioning_reduces_vonNeumannEntropy',Theorem11_15,very-large
AxQM.State.crossEnvEntropy_le_vonNeumannEntropy_add_entropyExchange_dilatedChannel,Exercise12_15,very-large
AxQM.State.entropyExchangeComp_le_entropyExchange_add_entropyExchange,Exercise12_15,very-large
AxQM.State.entropyExchangeComp_le_vonNeumannEntropy_add_dilatedChannelComp,Exercise12_15,very-large
AxQM.State.entropyExchange_dilatedChannel_le_crossEnvEntropy_add_vonNeumannEntropy,Exercise12_15,very-large
AxQM.State.entropyExchange_dilatedChannel_le_entropyExchange_add_entropyExchangeComp,Exercise12_15,very-large
AxQM.State.entropyExchange_dilatedChannel_le_vonNeumannEntropy_add_dilatedChannelComp,Exercise12_15,very-large
AxQM.State.entropyExchange_le_entropyExchangeComp_add_entropyExchange,Exercise12_15,very-large
AxQM.State.entropyExchange_le_vonNeumannEntropy_add_dilatedChannel,Exercise12_15,very-large
AxQM.State.fidelity_evolve,Exercise9_14,very-large
AxQM.State.fidelity_le_fidelity_channel,Theorem9_6,very-large
AxQM.State.holevoChi_dilatedChannel_le,Problem12_1,very-large
AxQM.State.holevoChi_reducedLeft_le,Problem12_1,very-large
AxQM.State.mutualInfo_qubit_tensorPow_le,Exercise12_3,very-large
AxQM.State.quantumRelativeEntropy_jointly_convex_of_hasSupportLE,Theorem11_12,very-large
AxQM.State.quantumRelativeEntropy_jointly_convex_sum_of_hasSupportLE,Theorem11_12,very-large
AxQM.State.quantumRelativeEntropy_reduced_le_of_hasSupportLE,Theorem11_17,very-large
AxQM.State.vonNeumannEntropy_add_le_add',Theorem11_14,very-large
AxQM.State.vonNeumannEntropy_cond_subadditive_first,Theorem11_16,very-large
AxQM.State.vonNeumannEntropy_cond_subadditive_second,Theorem11_16,very-large
AxQM.State.vonNeumannEntropy_dilatedChannel_le_dilatedChannelComp_add_entropyExchange,Exercise12_15,very-large
AxQM.State.vonNeumannEntropy_joint_cond_subadditive,Theorem11_16,very-large
AxQM.State.vonNeumannEntropy_le_crossEnvEntropy_add_entropyExchange_dilatedChannel,Exercise12_15,very-large
AxQM.State.vonNeumannEntropy_le_dilatedChannelComp_add_entropyExchangeComp,Exercise12_15,very-large
AxQM.State.vonNeumannEntropy_le_dilatedChannel_add_entropyExchange,Exercise12_15,very-large
AxQM.State.vonNeumannEntropy_mix_eq_reducedRight_sub_reducedLeft_iff,Exercise11_16,very-large
AxQM.State.vonNeumannEntropy_mix_le',Theorem11_10,very-large
AxQM.State.vonNeumannEntropy_sub_dilatedChannel_add_entropyExchange_eq_zero_of_perfectCorrection,Exercise12_16,very-large
AxQM.State.vonNeumannEntropy_weakMonotonicity,Exercise11_24 Theorem11_14,very-large
AxQM.State.vonNeumannMutualInfo_add_le_two_mul_vonNeumannEntropy,Exercise11_26,very-large
AxQM.State.vonNeumannMutualInfo_dilatedChannelOnRight_le,Theorem11_15,very-large
AxQM.State.vonNeumannMutualInfo_le_of_discard',Theorem11_15,very-large
AxQM.bornProb_qtowerControlMeasurement_qftCircuit_nearestBin_prime_ge,Problem5_1,very-large
AxQM.channelHolevoChi_eq_productStateCapacity,Theorem12_8,very-large
AxQM.cnx_circuitBudget,Exercise4_29,very-large
AxQM.computablePhaseShiftCircuit_circuitBudget,Problem4_1,very-large
AxQM.exists_phase_smul_toEuclideanCLM_mem_closure_dataRegisterOp_deutschReachableEvolutions,Exercise4_44,very-large
AxQM.exists_reliable_ensembleCompression,Exercise12_8,very-large
AxQM.holevoBound_of_chi_monotone,Problem12_1,very-large
AxQM.holevo_bound,Theorem12_1,very-large
AxQM.hsCnotToffoli_measurement_universal,Exercise4_43,very-large
AxQM.isRandomUnitary_of_isChannel_isUnital,Problem8_3,very-large
AxQM.mcCtrl_controlledUnitary_circuitBudget,Exercise4_30,very-large
AxQM.measurementResourceSetWires_realizes_of_universal,Problem4_6,very-large
AxQM.no_cloning,Problem12_2,very-large
AxQM.pauliStringExpCircuit_circuitBudget,Problem4_3,very-large
AxQM.replaceMix_existsUnique_fixedPoint,Exercise9_11,very-large
AxQM.semiclassicalMeasuredQft_bornProb_eq,Problem5_2,very-large
AxQM.toffoliDataMeasurement_corrected_reducedLeft_toffoliTeleportPreMeasureGen,Exercise10_68_FTToffoli,very-large
ContinuousLinearMap.quantumRelativeEntropy_sum_smul_smul_le_of_hasSupportLE,Problem11_2,very-large
ContinuousLinearMap.quantumRelativeEntropy_sum_smul_smul_le_relativeEntropy_of_hasSupportLE,Problem11_2,very-large
Real.channelOpCapacity_eq_channelCapacity_div,Theorem12_7,very-large
