AddChar.sum_pi_subgroup_zmod_eq_natCard_iff	ffbf087bd769452a
AddChar.sum_pi_subgroup_zmod_prod	4a181f27c8147839
AxQM.Concrete.IsEffectivePureManifold.card_le	1a3ae1637513569c
AxQM.Concrete.PauliGroup.exists_commuting_gens_sq_one_ne_negOne_with_negOne_mem	4c7334f0d80e981e
AxQM.Concrete.PauliGroup.exists_gens_sq_one_ne_negOne_with_negOne_mem	bf0b480ffa151022
AxQM.Concrete.PauliGroup.imOne_notMem_of_negOne_notMem	7b84653caaed7ac6
AxQM.Concrete.PauliGroup.negImOne_notMem_of_negOne_notMem	4a97b227d4d9e045
AxQM.Concrete.PauliGroup.negOne_notMem_closure_iff_forall_sq_eq_one_and_ne_negOne	42692686503f40dc
AxQM.Concrete.PauliGroup.sq_eq_one_and_ne_negOne_of_negOne_notMem_closure	4be616ccaf24bf32
AxQM.Concrete.PauliGroup.sq_eq_one_of_negOne_notMem	0eaa5dcad2a9bf3c
AxQM.Concrete.PauliGroup.toMat_isHermitian_of_negOne_notMem	38c235ac64483aff
AxQM.Concrete.StabilizerTableau.run_stabilizes	bfcbbfaf55c2438e
AxQM.Concrete.ThreeSpin.jsq_mixAM12	617289a3c0f93f16
AxQM.Concrete.ThreeSpin.jsq_mixAP12	59e37f72c857c3e4
AxQM.Concrete.ThreeSpin.jsq_mixBM12	c3ebebc8a30451d5
AxQM.Concrete.ThreeSpin.jsq_mixBP12	30f395cc5e04379c
AxQM.Concrete.ThreeSpin.jsq_symM12	a86ba87d9a632972
AxQM.Concrete.ThreeSpin.jsq_symM32	5fd2c40c21323829
AxQM.Concrete.ThreeSpin.jsq_symP12	07990971b6bcaf32
AxQM.Concrete.ThreeSpin.jsq_symP32	f80d6d41d7c36ee7
AxQM.Concrete.ThreeSpin.jz_mixAM12	8cd3b2584a5c0f8c
AxQM.Concrete.ThreeSpin.jz_mixAP12	60cfea5fd25ab452
AxQM.Concrete.ThreeSpin.jz_mixBM12	300bd7c9392b9bfb
AxQM.Concrete.ThreeSpin.jz_mixBP12	424d216c4ada68cb
AxQM.Concrete.ThreeSpin.jz_symM12	08b9d3cbd02686b8
AxQM.Concrete.ThreeSpin.jz_symM32	d1ba9297f33a8ac9
AxQM.Concrete.ThreeSpin.jz_symP12	86c4c1a750f35738
AxQM.Concrete.ThreeSpin.jz_symP32	56b1dd77b718508d
AxQM.Concrete.ToffoliConj.toffoli_conj_pauliX1	aa9a5e17c055f114
AxQM.Concrete.ToffoliConj.toffoli_conj_pauliX2	c2d5a03632ea51e6
AxQM.Concrete.ToffoliConj.toffoli_conj_pauliX3	facab51a64fbd757
AxQM.Concrete.ToffoliConj.toffoli_conj_pauliZ1	b3a5127f063a0ef7
AxQM.Concrete.ToffoliConj.toffoli_conj_pauliZ2	9d798d4982c323c8
AxQM.Concrete.ToffoliConj.toffoli_conj_pauliZ3	adf60c224ef0b0b8
AxQM.Concrete.TomographyComplete.card_eq	f215851705cc94d6
AxQM.Concrete.ampDampChannel_not_unital	a57fc9ca3c798d9f
AxQM.Concrete.ampDampChannel_toMatrixOrthonormal_of_trace_one	bd0290ecb32dfcb0
AxQM.Concrete.ampDampChiMatrix_eq	08724fe51a9bc975
AxQM.Concrete.ampDampCircuit_reduced_eq_ampDampChannel	658a07f5d2d89059
AxQM.Concrete.barencoGateBudget_isBigO_sq	ede9221e77438171
AxQM.Concrete.boltzmannExcited_boltzmannTemperature	6e56bc616c3aa11c
AxQM.Concrete.boltzmannGround_boltzmannTemperature	e0444d5df0f28adf
AxQM.Concrete.boltzmannTemperature_unique	f702f80c874c0617
AxQM.Concrete.checkRow_encodingCircuit_data	9627d14b2bb25b11
AxQM.Concrete.checkRow_encodingCircuit_middle	616d1e378cddf04e
AxQM.Concrete.chiLambda2_chiGrid2_chiLambda2	ad5886b796094dcc
AxQM.Concrete.classicalFidelity_deterministic_uniform	d96accd21cdf76c3
AxQM.Concrete.classicalFidelity_ternary_example	16373ef50ecda47d
AxQM.Concrete.classicalTraceDist_binary	33a1cea2b62292f8
AxQM.Concrete.classicalTraceDist_deterministic_uniform	5d0c2e5aac2036bc
AxQM.Concrete.classicalTraceDist_isGreatest	8ed844695c2667db
AxQM.Concrete.classicalTraceDist_isGreatest_sub	a4dec83d940367db
AxQM.Concrete.classicalTraceDist_isGreatest_sub_of_sum_eq_one	2ef58813bcb4fd46
AxQM.Concrete.classicalTraceDist_ternary_example	06b70fd979c7d52e
AxQM.Concrete.cnotMatrix_conj_pauliX1	92759f775e2cfd57
AxQM.Concrete.cnotMatrix_conj_pauliX2	8a23f61f3701adf7
AxQM.Concrete.cnotMatrix_conj_pauliZ1	7af379dd9769b68a
AxQM.Concrete.cnotMatrix_conj_pauliZ2	23b446dcc5fdebc9
AxQM.Concrete.codeProjector_isCorrectableErrorSet	19e20cb9f085360f
AxQM.Concrete.concat_stabilizedSubspace_finrank	81baf4b7612730ba
AxQM.Concrete.counting_query_needs_linear_oracle_calls	7fc3922131e4e89b
AxQM.Concrete.cssStabilizer_isCorrectableErrorSet_of_correctsErrors	72bbba935c47ba96
AxQM.Concrete.dampedRho_eq_kraus	aa8af8c2e60b3cd7
AxQM.Concrete.dampedRho_hasDerivAt	2a2d99e791ef7a53
AxQM.Concrete.dampedRho_zero	d4b2995fcf491fce
AxQM.Concrete.dephasingOperation_eq_operatorSum	0eee538c0c14d932
AxQM.Concrete.depolChannel_apply_one	4588ad6b932b52bf
AxQM.Concrete.dipolarCoupling_matrixSphericalAverage	1d0ce1a08ac7d14d
AxQM.Concrete.dipoleOverlap_ne_zero_imp_delta_l	cd18f77b01db5eb1
AxQM.Concrete.dipoleOverlap_ne_zero_imp_delta_m	c05a68639b42d4af
AxQM.Concrete.dualRailADChannel_apply_dualRail	88a06efe5137e556
AxQM.Concrete.dualRailErrCombined_not_completeness	ad45e0fe278e38f4
AxQM.Concrete.dualRailFaithful_completeness	91e4e9f100e18733
AxQM.Concrete.dualRailVec_inner_ketZeroZero	8c267e15ffbf5ec7
AxQM.Concrete.encodedZOp_independentGenerators	1f237bb74e19db1e
AxQM.Concrete.encodingCircuit_standardForm_achievable	1a2b9d5ecc8b7314
AxQM.Concrete.entropy_fairCoin_div_log_two	6c4b54be3fa7e94f
AxQM.Concrete.entropy_fairDie_div_log_two	60552264959c05be
AxQM.Concrete.entropy_lt_entropy_fairCoin_of_ne_uniform	9e031c6208cc0c52
AxQM.Concrete.entropy_lt_entropy_fairDie_of_ne_uniform	333363ecf46f8b45
AxQM.Concrete.exists_abc_decomposition	0efd9145c78a6274
AxQM.Concrete.exists_circuit_form_cyclotomic	47be09dea71e7ce7
AxQM.Concrete.exists_circuit_form_gaussian	e53499ff77c73737
AxQM.Concrete.exists_isEffectivePureManifold	c300e3ecfe429dbd
AxQM.Concrete.exists_mem_specialOrthogonalGroup_symmetric_factor	e33dd21d70e530f3
AxQM.Concrete.exists_ne_unitary_conj_twoQubitGenerators_eq	a1d171df32abca25
AxQM.Concrete.exists_pauliString_conj_flip	d5966f7c826ea82c
AxQM.Concrete.exists_pow_opNorm_sub_lt	9bbcad0dbbc6ce43
AxQM.Concrete.exists_simCost_le_mul_sq_length	949e55051d3c92f4
AxQM.Concrete.exists_smul_rotAxis_triple_of_perp	e7d7688e82309b1d
AxQM.Concrete.exists_specialOrthogonalGroup_symmetric_factor_det_neg	1536d876e164fa86
AxQM.Concrete.exists_unitary_two_level_decomposition_length_ge	f01628de5e645193
AxQM.Concrete.exists_xy_decomposition	55df683207e97730
AxQM.Concrete.exists_zyMatrixForm	b588af29848edb87
AxQM.Concrete.exists_zy_decomposition	70f2c888a8e978a1
AxQM.Concrete.exp_matFourThreeLog	5adc07b0e3be1762
AxQM.Concrete.exp_neg_I_smul_rabiHamiltonian	873c846ca5469f27
AxQM.Concrete.factoringFastOpBound_isLittleO_cubic	d1701c978e3c1c8c
AxQM.Concrete.factoringTotalOpCount_isBigO_of_fastMul	952acc7be5c22645
AxQM.Concrete.fidelity_not_lower_bound_of_albertiProduct	930a714610139869
AxQM.Concrete.finrank_tracelessSelfAdjoint_matrix_two_pow	8d0fd6b3bff7ebae
AxQM.Concrete.fiveQubitCode_isCorrectableErrorSet	48f53d046bb36feb
AxQM.Concrete.fiveQubitStdGen_checkRow_span_eq	3cbd700ae627dd4a
AxQM.Concrete.fiveQubitStdGen_xPart_pivot_identity	32d10f5fb08922e6
AxQM.Concrete.flattenFin4_pauliI_kronecker_pauliX	31da3e69d4cd85ca
AxQM.Concrete.flattenFin4_pauliX_kronecker_pauliI	763df8e6fb138616
AxQM.Concrete.flattenFin4_pauliX_kronecker_pauliZ	d6e43e3dac2a793c
AxQM.Concrete.fockBeamKraus_completeness	1201fe2ce432964a
AxQM.Concrete.fockBeamKraus_eq_prop_col	1bfd0fab74f00f30
AxQM.Concrete.fockBeamKraus_norm	73fbd5b14a403aa1
AxQM.Concrete.fockDampingKraus_completeness	5266f81fdcafd4cc
AxQM.Concrete.four_le_card_of_specifiesAffineBloch	32d49d7104364a11
AxQM.Concrete.four_pow_half_order_ne_neg_one_zmod_ninetyOne	6792bb46be7e3299
AxQM.Concrete.four_pow_half_order_zmod_ninetyOne	1988d938be7f5242
AxQM.Concrete.functionOfPauliDot_decomposition	a61840698b76f4f7
AxQM.Concrete.gcd_four_pow_half_order_pred_ninetyOne	ab2118765150e003
AxQM.Concrete.groverPhaseShift_eq_two_ketBraZero_sub_one	b458a72e9d6dd858
AxQM.Concrete.hadamardABC_A_mul_B_mul_C_eq_one	7879804d83d0de2f
AxQM.Concrete.hadamardC_eq_expPiDivTwo_smul_rotX_rotY	f8ce4eef5748f099
AxQM.Concrete.hadamardC_mul_pauliX_mul_hadamardC	1f3bb58967d47853
AxQM.Concrete.hadamardC_mul_pauliY_mul_hadamardC	a4386c8802a77c46
AxQM.Concrete.hadamardC_mul_pauliZ_mul_hadamardC	89aca03a2157f4a6
AxQM.Concrete.hadamardC_mul_tMatrix_mul_hadamardC	2085ede4efe1c903
AxQM.Concrete.hadamardPow_apply_eq	1b9eeec6432946f3
AxQM.Concrete.hadamardPow_two_submatrix	eed2280027a52a10
AxQM.Concrete.hammingGenerator_isGenerator	05472df0abddc169
AxQM.Concrete.heisenbergEvolution_pi	8e943a47d6ccc5e8
AxQM.Concrete.hyperfineCoupledBasis_conjTranspose_mul_self	8c605beaf7b2d1ba
AxQM.Concrete.hyperfineFSq_eq	716fff1ebabc41e8
AxQM.Concrete.hyperfineFSq_mulVec_coupledF1n1	5f20b16b87aeeed6
AxQM.Concrete.hyperfineFSq_mulVec_coupledF1p1	273869e38342a55a
AxQM.Concrete.hyperfineFSq_mulVec_coupledF1z	2dfb7ae40786c62a
AxQM.Concrete.hyperfineFSq_mulVec_coupledF2n1	57e31fd3130c7fcd
AxQM.Concrete.hyperfineFSq_mulVec_coupledF2n2	3158c0b75ce2acf4
AxQM.Concrete.hyperfineFSq_mulVec_coupledF2p1	c0fa00d6046c72f3
AxQM.Concrete.hyperfineFSq_mulVec_coupledF2p2	669ea9d7ef218492
AxQM.Concrete.hyperfineFSq_mulVec_coupledF2z	d4977318201a2792
AxQM.Concrete.hyperfineFx_eq	6f8d106765fd3062
AxQM.Concrete.hyperfineFy_eq	bec0619af6de8280
AxQM.Concrete.hyperfineFz_eq	c04622690a4a4078
AxQM.Concrete.hyperfineFz_mulVec_coupledF1n1	92b45bf41d462b30
AxQM.Concrete.hyperfineFz_mulVec_coupledF1p1	d56789afd22be0f9
AxQM.Concrete.hyperfineFz_mulVec_coupledF1z	f885ec05090ddf5d
AxQM.Concrete.hyperfineFz_mulVec_coupledF2n1	b8ecd4e8038f1759
AxQM.Concrete.hyperfineFz_mulVec_coupledF2n2	382709ab80cd75c8
AxQM.Concrete.hyperfineFz_mulVec_coupledF2p1	460700c05a271677
AxQM.Concrete.hyperfineFz_mulVec_coupledF2p2	770a454af748cd16
AxQM.Concrete.hyperfineFz_mulVec_coupledF2z	9eb12d9764351b60
AxQM.Concrete.inner_vecOneOneC2_vecOneNegOneC2_eq_zero	c63e3ff1b3c2e313
AxQM.Concrete.inversionAboutMean_mulVec_apply	9f7e76537ef0f8b6
AxQM.Concrete.isLeast_needsOrderFinding	b7749726100fda84
AxQM.Concrete.isPauliNormalizer_eq_smul_cliffordCircuit_bigO	a928a5ddb0772f22
AxQM.Concrete.isPauliNormalizer_eq_smul_cliffordCircuit_length_le	8e78a5f1baaabf6a
AxQM.Concrete.isPauliNormalizer_singleQubit_eq_smul_cliffordCircuit	a2d0e6be14c71b43
AxQM.Concrete.kerrSinglePhotonAbsorptionProb	d5dfb48e4c1d8fb1
AxQM.Concrete.kerrTwoPhotonAbsorptionProb	79d57ee10f49e884
AxQM.Concrete.kerrTwoPhotonPhase_arg	e0b8bfad55e490e5
AxQM.Concrete.linearIndependent_genRow_encXRow	605ee9a38ded16a1
AxQM.Concrete.locatedPauliErrors_isCorrectableErrorSet	7666f94e8cfb744c
AxQM.Concrete.locatedPauliErrors_isCorrectableErrorSet_of_dist_ge	5973d0a2e512484e
AxQM.Concrete.logicalLabelCircuit_conj_logicalLabelRho	f51141306a001b52
AxQM.Concrete.logicalLabelCircuit_mem_unitaryGroup	1b5e4b4d62663cf2
AxQM.Concrete.matFourThreeLog_isHermitian	8784bdf1127ad441
AxQM.Concrete.matFourThreeSqrt_mul_self	f5550f2198170825
AxQM.Concrete.matFourThreeSqrt_posDef	4575bef43786328b
AxQM.Concrete.mem_stabilizer_conjTranspose	8b7a2b53c421403c
AxQM.Concrete.modMulMatrix_mem_unitaryGroup	989d60fe49384b64
AxQM.Concrete.ninetyOne_not_isPerfectPower	adba0cccbd5dd75c
AxQM.Concrete.ninetyOne_odd	f08b2e1d11352986
AxQM.Concrete.nmrGroverIteration_markedOne	4d841d21ddecce8e
AxQM.Concrete.nmrGroverIteration_markedThree	b2d5864706eac54b
AxQM.Concrete.nmrGroverIteration_markedTwo	48f155fb5ec533fe
AxQM.Concrete.nmrGroverIteration_markedZero	d4eaf645b10243f1
AxQM.Concrete.nmrQuartet_lineCount	0c1f8e936ee031fa
AxQM.Concrete.nmrQuartet_relativeMagnitudes	a1e007727ea1ca13
AxQM.Concrete.nmrTomographyExperiments_three	48abc211c99010be
AxQM.Concrete.normalizer_eq_centralizer_of_negOne_notMem	0f915de1469942c5
AxQM.Concrete.not_forall_unit_nonParallel_exists_smul_rotAxis_triple	b076337ee8750e64
AxQM.Concrete.not_isSqrt2ScaledIn_gaussian_tMatrix	766c438aa5383502
AxQM.Concrete.not_linearIndependent_dependentTripleC2	782b0863e5064eb7
AxQM.Concrete.opticalHadamardCircuit_eq_smul_hadamardC	522cf755c1c36438
AxQM.Concrete.opticalHadamardCircuit_mulVec_oneZero	9e1d87b86426c62c
AxQM.Concrete.opticalHadamardCircuit_mulVec_zeroOne	6ee8374fcb707fdc
AxQM.Concrete.orPoly_represents_orFun	2b27f1a133bf5afd
AxQM.Concrete.orderFindingStateV_eq_orderFindingStateU	4d83b90a3efc8531
AxQM.Concrete.orderOf_five_zmod_twentyOne	49cdcf8c366a9866
AxQM.Concrete.orderOf_four_zmod_ninetyOne	9127a1c5197e05ef
AxQM.Concrete.pauliAverage_blochMatrix	794740ea13719144
AxQM.Concrete.pauliAverage_one	3451d78fd4645ba5
AxQM.Concrete.pauliAverage_pauliX	c3c037588b57ad54
AxQM.Concrete.pauliAverage_pauliY	77104501d958bf3a
AxQM.Concrete.pauliAverage_pauliZ	3f7e54ed40e09c09
AxQM.Concrete.pauliDot_conjSum_eq_zero	77c49f04718b523a
AxQM.Concrete.pauliDot_conjSum_twoAxis_eq_zero	ffd1a0fbf479b80e
AxQM.Concrete.pauliI_eq_ketBra	380ce847a46446a0
AxQM.Concrete.pauliI_kronecker_pauliX_ne_pauliX_kronecker_pauliI	3eb392bff0bf3dc6
AxQM.Concrete.pauliSigma_lie	faea5ced65e0ea24
AxQM.Concrete.pauliSigma_mul	3c222b7ad5597ff5
AxQM.Concrete.pauliString_commute_iff_symplecticForm	14d7611bb0b249d2
AxQM.Concrete.pauliX_eq_ketBra	de37c5d62a4b6b82
AxQM.Concrete.pauliX_eq_outerSelf_sub	95ad7b8a3902c177
AxQM.Concrete.pauliX_lie_pauliY	3ce6d870c03b5758
AxQM.Concrete.pauliX_mulVec_xMinus	19bf851ee2dec16d
AxQM.Concrete.pauliX_mulVec_xPlus	50c5c6be2f941771
AxQM.Concrete.pauliX_mul_pauliY_mul_pauliX	45549607fca07c4f
AxQM.Concrete.pauliX_mul_zEvolution_mul_pauliX	50e82bc54f926f90
AxQM.Concrete.pauliX_trace	9fe8e1bbf0875caa
AxQM.Concrete.pauliY_eq_ketBra	595b243bfdb3c90f
AxQM.Concrete.pauliY_eq_outerSelf_sub	dd78e6704c66cf87
AxQM.Concrete.pauliY_lie_pauliZ	421cdd224d8d9dc9
AxQM.Concrete.pauliY_mulVec_yMinus	5f675167d60c4976
AxQM.Concrete.pauliY_mulVec_yPlus	e6bb5ee997177cea
AxQM.Concrete.pauliY_trace	7dde7e323a14f613
AxQM.Concrete.pauliZ_eq_ketBra	c172cd2708d0bb89
AxQM.Concrete.pauliZ_eq_outerSelf_sub	e12d7e8205d50dd9
AxQM.Concrete.pauliZ_lie_pauliX	9f3d8e3c5a347fff
AxQM.Concrete.pauli_anticomm	cb634b0a75486adf
AxQM.Concrete.phaseDampCNOTChannel_eq_phaseDampKrausTilde	08a9c2c07b66805c
AxQM.Concrete.phaseDampCNOTChannel_eq_phaseFlipChannel	77d9de4a34d37001
AxQM.Concrete.phaseDampChannel_apply_one	eb870a602c63c489
AxQM.Concrete.phaseDampMixingUnitary_mem_unitaryGroup	dcdde1440364cb46
AxQM.Concrete.phaseDamp_unitaryFreedom	34326cf608574557
AxQM.Concrete.phaseDampedElem_eq	a87350ee48f5b2ac
AxQM.Concrete.phaseDampingCircuit_models_phaseDamping	d24137c1a75f1688
AxQM.Concrete.piEighthCircuitOut_measure_one	a6e76acd5f76d043
AxQM.Concrete.piEighthCircuitOut_measure_zero	8909a823c70e050f
AxQM.Concrete.polarExampleLeftFactor_eq_sqrt	901e54c824117112
AxQM.Concrete.polarExampleMat_eq_left_polar	00ac829ed32ac87a
AxQM.Concrete.polarExampleMat_eq_right_polar	110dbea0f6cdc433
AxQM.Concrete.polarExampleRightFactor_eq_sqrt	9acaae1049d3334e
AxQM.Concrete.polarExampleUnitary_mem_unitaryGroup	65fb3ffc2410d3d4
AxQM.Concrete.projZeroOp_not_blochAffine	77f7795511f91317
AxQM.Concrete.projZeroOp_not_tracePreserving	65910795eacfba84
AxQM.Concrete.qftApproxErrorBound_isTheta	dcecb18746906ea3
AxQM.Concrete.qftFactorG13_isTwoLevelUnitary	10c10eed87c55b6e
AxQM.Concrete.qftFactorH01_isTwoLevelUnitary	9481f6407aee9688
AxQM.Concrete.qftFactorH02_isTwoLevelUnitary	edceab272030ddb6
AxQM.Concrete.qftFactorH23_isTwoLevelUnitary	bcc404ade80e807a
AxQM.Concrete.qftFactorSwap_isTwoLevelUnitary	d3e5cb5ec2716d4e
AxQM.Concrete.qftFour_eq_prod	6800304c2ba4009c
AxQM.Concrete.rabiUnitary_apply_zero_zero	5a85eeacac0bff8a
AxQM.Concrete.refocusPulse_mul_zEvolution_mul_refocusPulse	39b99492ed2cd203
AxQM.Concrete.rotAxis_mul_rotAxis	5bf201a7685409ce
AxQM.Concrete.rotAxis_mul_rotAxis_stated_order_printed_false	79822aa10897be25
AxQM.Concrete.rotAxis_opNorm_sub	2a7c1e9493effebc
AxQM.Concrete.rotComposeCos_self_axisZ	98ce7479f5a8ec15
AxQM.Concrete.rotComposeVec_self_axisZ	4c7ec01ca9a0c68d
AxQM.Concrete.rotX_eq	3f977acca0c91167
AxQM.Concrete.sMatrix_conj_pauliX	2cb6323bcb9377ff
AxQM.Concrete.sMatrix_conj_pauliZ	9783be1378b8b2bf
AxQM.Concrete.samplingEstimatorStddev_eq	b6f913cd9b1f3399
AxQM.Concrete.samplingEstimator_needs_linear_samples	ba392e0d31435120
AxQM.Concrete.shearMatrix_not_diagonalizable	4ce5435818b088cd
AxQM.Concrete.shorStdGen_bottom_xPart_zero	1625879bd6737a72
AxQM.Concrete.shorStdGen_checkRow_span_eq	c74e9ceb53e80ca0
AxQM.Concrete.shorStdGen_top_zPart_zero	beab8c9db3c80627
AxQM.Concrete.shorStdGen_xPart_pivot_identity	405ccf20fe82cd54
AxQM.Concrete.shorStdGen_zPart_middle_identity	59e9015013ea5a47
AxQM.Concrete.sin_groverAngle	4131fe4360fec5cc
AxQM.Concrete.spin32_comm_ix_iy	86355356cee794b7
AxQM.Concrete.spin32_comm_iy_iz	0bada5888d685852
AxQM.Concrete.spin32_comm_iz_ix	3e9374e753202149
AxQM.Concrete.spinFlipChannel_eq_kraus	9a00bcc27190c7bc
AxQM.Concrete.spontaneousEmissionChannel_eq_ampDampChannel	74fb897df261fd23
AxQM.Concrete.sqrtSwapHeisCNOT_eq	367337bb20878e52
AxQM.Concrete.sqrtSwapHeis_eq	4e2fea85003dbb07
AxQM.Concrete.sqrtSwapHeis_mul_self	6db13ded995e4825
AxQM.Concrete.stabilizedSubspace_finrank	c885b67639360a6c
AxQM.Concrete.stabilizerDistilledVec_bothHalves	da2cb7b212152cdf
AxQM.Concrete.stabilizerDistilledVec_error_corrected_of_weight_le	bcdd93b0b6d7c7e6
AxQM.Concrete.stabilizerDistilledVec_normSq_eq_two_pow	56e5cb82d600467b
AxQM.Concrete.stabilizerGenerators_independent_iff_checkRow_linearIndependent	7bf4bd28fce16f7a
AxQM.Concrete.stabilizer_le_normalizer	6f142a2ea16ebd6b
AxQM.Concrete.steaneRecovery_pauliMulIndex_singleError	fdaf452ed24db73e
AxQM.Concrete.steaneRecovery_steaneSyndrome	8d7f64759380b535
AxQM.Concrete.steaneStdLogicalX_checkRow	5b1882d1adba446e
AxQM.Concrete.symplecticForm_encXRow_encXRow	6683b9ab501d7ce5
AxQM.Concrete.symplecticForm_encXRow_encZRow	d895076c659e22fb
AxQM.Concrete.symplecticForm_encXRow_genRow	0fa986fd4db7fe71
AxQM.Concrete.tCtrl_mul_cnotMatrix_comm	20d4a96b9ffd80fa
AxQM.Concrete.tMatrix_conj_pauliX	fc81190fa2bc5e8a
AxQM.Concrete.tMatrix_conj_pauliX_eq_expNeg_smul_sxMatrix	3cca56381a9299f4
AxQM.Concrete.tMatrix_conj_pauliZ	9bce5d7b0c95fedc
AxQM.Concrete.tMatrix_mulVec_hadamardC_mulVec_ket_zero	623572399d270d81
AxQM.Concrete.tMatrix_mul_pauliX_ne_expNeg_smul_sxMatrix	3c0a465ae36e9df2
AxQM.Concrete.teleportation_Xbasis	25def615ad33445c
AxQM.Concrete.teleportation_Zbasis	3ae480b25b0b56fd
AxQM.Concrete.temporalLabelCircuit_conjTranspose_conj_temporalLabelRho1	657c1dc4fc578eda
AxQM.Concrete.temporalLabelCircuit_conj_temporalLabelRho1	6ce2fced2e4e08ae
AxQM.Concrete.toMatrix_swapOperator_hadamard	008b4c6372d30d11
AxQM.Concrete.toMatrix_swapOperator_std	c236dc65c3b035b4
AxQM.Concrete.toMatrix_swapOperator_std_ne_hadamard	ccca1be49e30365c
AxQM.Concrete.tomographyComplete_univ	ff35027e075f33cf
AxQM.Concrete.totalJSq_eq	3975716f0236e241
AxQM.Concrete.totalJSq_mulVec_coupledSinglet	c694051925a76bb1
AxQM.Concrete.totalJSq_mulVec_coupledTripletMinus	5c47f0ef757dcf4e
AxQM.Concrete.totalJSq_mulVec_coupledTripletPlus	49de368257254c59
AxQM.Concrete.totalJSq_mulVec_coupledTripletZero	251888462734c82a
AxQM.Concrete.totalJz_eq	1a1631bfd6de4ecf
AxQM.Concrete.totalJz_mulVec_coupledSinglet	fb480f4acabde1ba
AxQM.Concrete.totalJz_mulVec_coupledTripletMinus	5c56c8168ea01307
AxQM.Concrete.totalJz_mulVec_coupledTripletPlus	21af26933127a471
AxQM.Concrete.totalJz_mulVec_coupledTripletZero	4730553684a42d27
AxQM.Concrete.totalSpin_lie	b1333080bf3f785a
AxQM.Concrete.twoQubitCNOT_conj_pauliY_kron_pauliI	79c7de665650d3da
AxQM.Concrete.twoQubitCNOT_conj_pauliY_kron_pauliI_eq_mul	bc295361feac2003
AxQM.Concrete.unitVecOneNegOneC2_eq_norm_inv_smul	64652f370e0e1384
AxQM.Concrete.unitVecOneOneC2_eq_norm_inv_smul	849fc8f76557e3ac
AxQM.Concrete.unitary_eq_smul_of_conj_twoQubitGenerators	23c39fe41e573493
AxQM.Concrete.vecKron_xPlus_vecKron_xPlus_xPlus	e623f47be0b0f78e
AxQM.Concrete.vecKron_xPlus_vecKron_xPlus_xPlus_eq_sum	267ee3301e7604fe
AxQM.Concrete.vecKron_xPlus_xPlus	5e6c1f69d8bd125d
AxQM.Concrete.vecKron_xPlus_xPlus_eq_sum	4615733e0a2d9125
AxQM.Concrete.zRefocusAverage_dipolarCoupling	fd006f51fd720071
AxQM.Ensemble.IsMinimalFor.prob_eq_inv_pseudoInverseExpectation	70e05a9d51f5e0ae
AxQM.Ensemble.bornProb_refMeasurement_purify	a76f7fba6897a5e7
AxQM.Ensemble.exists_orthonormalBasis_refMeasurement_recovers_ensemble	4b517abb65effda5
AxQM.Ensemble.postMeasurement_refMeasurement_purify_reducedLeft	804910ee4e68a03d
AxQM.Ensemble.purify_reducedLeft	097832863e51f6bb
AxQM.Ensemble.toState_eq_iff_unitarilyRelated	69b017dbf132f6eb
AxQM.Ensemble.toState_surjective	d06dff4886e1af7e
AxQM.Evolution.exists_hamiltonian_generator_spectrum_Icc	c9f47d2d63982463
AxQM.Evolution.exists_op_eq_phase_smul_rotAxisGate	1af5048e6de81dee
AxQM.Evolution.exists_pauliString_trotter_approximation_explicit	5fc4aac961c3d437
AxQM.Evolution.exists_pauliString_trotter_circuit_gateCount	1a455115d85e8272
AxQM.IsChannel.existsUnique_fixedPoint_of_strictlyContractive	e0794e0e98d6b570
AxQM.IsChannel.exists_fixedPoint	73943687db50d0eb
AxQM.Measurement.IsProjective.unreadState_op	e747bba3ce3aa0b9
AxQM.Measurement.IsProjective.vonNeumannEntropy_unreadState_eq_iff	3d4f3bad60c485b0
AxQM.Measurement.IsProjective.vonNeumannEntropy_unreadState_ge	e8aba1583a8874fb
AxQM.Measurement.bornProb_eq_trace_opElement	9ba7b8db3cc68d3d
AxQM.Measurement.exists_unitary_op_eq_comp_sqrt_toPOVM_elements	54fa2205148e585b
AxQM.Measurement.isProjective_of_isSelfPOVM	22a5879e5f1ff7e9
AxQM.Measurement.postMeasurement_op_eq_opElement_div	82c7680e899aaeb9
AxQM.Measurement.unreadState_reducedLeft_onRight	2ed398c611d57215
AxQM.Observable.exists_norm_prod_pauliStringHamiltonian_propagator_sub_le	2622ce4d1b97cf89
AxQM.Observable.exists_real_pauliString_expansion	e9bb8fb63bcf6267
AxQM.Observable.op_mul_projMinus	68cd1bae21ecd679
AxQM.Observable.op_mul_projPlus	c3cf146681b8c4f3
AxQM.Observable.postMeasMinus_hasEigenstate	5eaa1f2450d611b7
AxQM.Observable.postMeasPlus_hasEigenstate	d75ac879e0a45e74
AxQM.Observable.postMeasurement_signMeasurement_minus	d3c134dc0e7ea9e8
AxQM.Observable.projMinus_apply_eq_self	565df6694a78fcae
AxQM.Observable.projPlus_apply_eq_self	bd45c518c469295f
AxQM.Observable.propagator_op_mem_unitary	7cfa9d0c1a02db67
AxQM.Observable.symmTrotterStep_gateError_le	4e8e224f59369468
AxQM.Observable.symmTrotterStep_gateError_pow_le	b7d768cd035b498c
AxQM.OneWayLOCC.of_exists_transforms_pureState	0189aaab39076866
AxQM.OneWayLOCC.of_transforms_pureState	8bc92fab2dfb38ea
AxQM.PureState.bellCount_le_of_reducedLeft_loccConvertible	00f99b8147b0a205
AxQM.PureState.convertibleNoComm_iff_exists_sameNonzeroSpectrum_tmul	4f5108ad9573837e
AxQM.PureState.distillableEntanglement_reducedLeft_le	db1003f0b7754f0d
AxQM.PureState.eavesdropper_mutualInfo_le_vonNeumannEntropy	c2bbfa259e2827a2
AxQM.PureState.exists_evolution_tmul_id_evolvePure_eq	2d53a387f09cf885
AxQM.PureState.exists_evolution_tmul_of_sameSchmidtCoeffs	363c1dfb777a23bd
AxQM.PureState.exists_schmidt_decomposition	2d1ac32e00e56b07
AxQM.PureState.exists_schmidt_decomposition_card_le	fc0f8908825e75e1
AxQM.PureState.isProduct_iff_isPure_reducedLeft	f34ad842450a1332
AxQM.PureState.isProduct_iff_isPure_reducedRight	24d73574178a7d18
AxQM.PureState.isProduct_iff_schmidtNumber_eq_one	62259e1ad15c1cca
AxQM.PureState.natAbs_sub_schmidtNumber_le	5769cfe8dfefc4d9
AxQM.PureState.not_isProduct_iff_condVonNeumannEntropy_neg	93a2f5aa4ab0a330
AxQM.PureState.one_sub_fidelity_sq_le_traceDistance	a81b3697ebbae890
AxQM.PureState.schmidtNumber_eq_rank_reducedLeft	c4b9e8764a7ccd60
AxQM.PureState.schmidtNumber_le_card_of_sum_tmul	1218ce7301dd9d1e
AxQM.PureState.schmidtNumber_le_dim	a33cfdced2688b23
AxQM.PureState.schmidtNumber_le_of_reducedLeft_loccConvertible	937e0f68156e0f75
AxQM.PureState.vonNeumannEntropy_reducedLeft_eq_reducedRight	8a2eb37d9b380c17
AxQM.State.LOCCConvertible_of_majorize	e371e2d44fded2a4
AxQM.State.abs_vonNeumannEntropy_sub_le_fannes	e65b997487089422
AxQM.State.abs_vonNeumannEntropy_sub_le_fannes_weak	4e1bdbfd2bf2a6ca
AxQM.State.angle_channel_le	f9316f2660dfb26f
AxQM.State.angle_eq_zero_iff	6610b11caac03f5a
AxQM.State.angle_le_pi_div_two	cdbf4c951daa5e65
AxQM.State.angle_nonneg	27a9422b8424af91
AxQM.State.coherentInfoComp_le_coherentInfo	d4a77725f7a1ea2e
AxQM.State.coherentInfoComp_le_vonNeumannEntropy	cb9abe0693c3a817
AxQM.State.coherentInfo_le_vonNeumannEntropy	0d4788fe6124e06c
AxQM.State.condEntropy_add_le_add	3fba52fdc71a498f
AxQM.State.condVonNeumannEntropy_concave	8e845ff24c36aaec
AxQM.State.conditioning_reduces_vonNeumannEntropy'	3475551d5e46b425
AxQM.State.crossEnvEntropy_le_vonNeumannEntropy_add_entropyExchange_dilatedChannel	5498db51395646d3
AxQM.State.entropyExchangeComp_le_entropyExchange_add_entropyExchange	ca68cd0a44b04708
AxQM.State.entropyExchangeComp_le_vonNeumannEntropy_add_dilatedChannelComp	0fb05158fbc5e99e
AxQM.State.entropyExchange_dilatedChannel_le_crossEnvEntropy_add_vonNeumannEntropy	f6a2fb10d94cb130
AxQM.State.entropyExchange_dilatedChannel_le_entropyExchange_add_entropyExchangeComp	22583c3dcdcef26f
AxQM.State.entropyExchange_dilatedChannel_le_vonNeumannEntropy_add_dilatedChannelComp	0f9bc04bb7bb7175
AxQM.State.entropyExchange_le_entropyExchangeComp_add_entropyExchange	9a4eb2b84ffdc271
AxQM.State.entropyExchange_le_vonNeumannEntropy_add_dilatedChannel	4cbb3073869fed06
AxQM.State.entropyMixLine_deriv2_nonpos_of_isStrictlyPositive	9b9db5bf6e53fe17
AxQM.State.exists_blochState	3e813442a446f337
AxQM.State.exists_isPositive_sub_op_sub	969a7620cdafcfe5
AxQM.State.fidelity_concaveLeft	4de6d01495154380
AxQM.State.fidelity_evolve	ed53355e10d04e5c
AxQM.State.fidelity_le_fidelity_channel	47b0d4889e55f24b
AxQM.State.holevoChi_dilatedChannel_le	135e2ea575dd63ef
AxQM.State.holevoChi_measState_eq_mutualInfo	6dd41eed916d9d0b
AxQM.State.holevoChi_reducedLeft_le	58a8e985fed2d180
AxQM.State.isGreatest_classicalTraceDist_bornProb	e3930d7b80310a56
AxQM.State.isGreatest_norm_overlap_purification	c3b249c344eb473f
AxQM.State.isGreatest_norm_overlap_purification_fixed	d6be2653be32a54e
AxQM.State.loccConvertible_iff_majorize	948ed91b7128b486
AxQM.State.maximallyMixedState_unique_maxEntropy	69fba8f3c42cfa48
AxQM.State.mutualInfo_qubit_tensorPow_le	c7207a65c007b6a1
AxQM.State.purity_eq_one_iff_isPure	2418b18664f83978
AxQM.State.purity_le_one	12dc02fe2dbb4e67
AxQM.State.quantumRelativeEntropy_eq_zero_iff_of_hasSupportLE	cfe6ff7879bf92d1
AxQM.State.quantumRelativeEntropy_jointly_convex_of_hasSupportLE	ed3fde0dbc51d60f
AxQM.State.quantumRelativeEntropy_jointly_convex_sum_of_hasSupportLE	d47d43fc9385677c
AxQM.State.quantumRelativeEntropy_nonneg_of_hasSupportLE	bfe2816c4e0281c0
AxQM.State.quantumRelativeEntropy_reduced_le_of_hasSupportLE	0113355066424601
AxQM.State.reliablyCompressible_iff_vonNeumannEntropy_lt	70c7a8effd86ebf8
AxQM.State.smallSubspace_bornProb_le	2572131fc9ab6475
AxQM.State.sum_mul_fidelity_le_fidelity_mix	29fa0d101d806127
AxQM.State.sum_sqrt_mul_fidelity_le_fidelity_mix	5660b96d815cc06c
AxQM.State.traceDistance_mix_le	be6c909123b5102a
AxQM.State.traceDistance_mix_left_convex	f54a9ce8f035100e
AxQM.State.traceDistance_mix_right_convex	68cfb345874e45c2
AxQM.State.typicalSubspaceDim_bounds	ee19c841dd4938fe
AxQM.State.typicalSubspace_bornProb_ge	9fdeec09482a15b9
AxQM.State.vonNeumannEntropy_add_le_add'	ab1ced6be6c496ac
AxQM.State.vonNeumannEntropy_concave	9d0938747662b9ef
AxQM.State.vonNeumannEntropy_concave_of_deriv2_nonpos	b4c7bba08ca7993f
AxQM.State.vonNeumannEntropy_cond_subadditive_first	27347cdbd8ef5a0b
AxQM.State.vonNeumannEntropy_cond_subadditive_second	1225ab0c575ee16e
AxQM.State.vonNeumannEntropy_dilatedChannel_le_dilatedChannelComp_add_entropyExchange	9d5e75a784d172a3
AxQM.State.vonNeumannEntropy_eq_log_finrank_iff_eq_maximallyMixed	570356addd71a68a
AxQM.State.vonNeumannEntropy_eq_zero_iff_isPure	9da40f25a18968f3
AxQM.State.vonNeumannEntropy_jointEntropyTheorem	ffb6cd280bfb8200
AxQM.State.vonNeumannEntropy_joint_cond_subadditive	a654b1efb4a41f20
AxQM.State.vonNeumannEntropy_le_crossEnvEntropy_add_entropyExchange_dilatedChannel	25d00b0b7e996a1f
AxQM.State.vonNeumannEntropy_le_dilatedChannelComp_add_entropyExchangeComp	66f59005fa601da4
AxQM.State.vonNeumannEntropy_le_dilatedChannel_add_entropyExchange	1c950ef271c8ac7b
AxQM.State.vonNeumannEntropy_le_log_finrank	bd7a5cdf9bef0a7f
AxQM.State.vonNeumannEntropy_mix_eq_iff_orthogonal	746e241897b41771
AxQM.State.vonNeumannEntropy_mix_eq_reducedRight_sub_reducedLeft_iff	68aa69864f09819f
AxQM.State.vonNeumannEntropy_mix_eq_sum_iff_forall_eq	c6290ae71f2ff764
AxQM.State.vonNeumannEntropy_mix_le'	124f5255ef04b150
AxQM.State.vonNeumannEntropy_mix_orthogonalSupport	b771c57768156f6b
AxQM.State.vonNeumannEntropy_nonneg	25acbfd5e8251819
AxQM.State.vonNeumannEntropy_sub_dilatedChannel_add_entropyExchange_eq_zero_of_perfectCorrection	aa047b125e68d26c
AxQM.State.vonNeumannEntropy_tmul	1aa025183a98a95f
AxQM.State.vonNeumannEntropy_weakMonotonicity	2d974c0eb2af44ed
AxQM.State.vonNeumannMutualInfo_add_le_two_mul_vonNeumannEntropy	6fdd1cf4854a85f7
AxQM.State.vonNeumannMutualInfo_dilatedChannelOnRight_le	df94b1714555e864
AxQM.State.vonNeumannMutualInfo_le_of_discard'	907e325a7d4fb285
AxQM.StateDistinguisher.intercept_reveals	8aa36499e5b8c114
AxQM.StateDistinguisher.intercept_signal	566620a1c38da6bb
AxQM.additionByFourier_evolvePure_quditBasis	c23e1f6370cd3dff
AxQM.alternativeSearchHamiltonian_rotates_uniform_to_solution	9af46c03816457e7
AxQM.alternativeSearchHamiltonian_simulation_gateError_pow_le	0b920c8ddef71e53
AxQM.amplitudeDampingChannel_isLeast_fidelity	12d12a181853a811
AxQM.arakiLiebEqualityState_not_isPure	f8d51052bd81eeef
AxQM.arakiLiebEqualityState_vonNeumannEntropy_eq_reducedRight_sub_reducedLeft	f8790be519995aa5
AxQM.augmentedSearchOracle_marks_solution_and_zero	e3bb6f3a027c6626
AxQM.b92_perfectly_correlated	330719e85edc29e3
AxQM.bb84_bornProb_matchedBasis	59a366bc244bba97
AxQM.bb84_bornProb_mismatchedBasis	395e15ba5da444dc
AxQM.bb84_bornProb_mismatchedBasis_uncorrelated	79abdbcef5a962d2
AxQM.bb84_distinguisher_compromises_security	c42641a9413dc465
AxQM.bellBasis_apply	5395168f2fbea2af
AxQM.bellMeasurement_op_eq_bellMeasurementCircuit_conj	f9ad171c178801c7
AxQM.bellMeasurement_toPOVM_elements_eq_bellProjector	3776687698e71fda
AxQM.bellPhiPlus_expectation_pauliX_tmul_pauliZ_eq_zero	ab6cb0bee14dfca9
AxQM.bellPhiPlus_isSchmidtDecomposition	b9012a5f606583ee
AxQM.bellPhiPlus_ne_tmul	b654b6cfebea0aa7
AxQM.bellState_expectation_tmul_id_eq	3e2e36f92f8c5499
AxQM.bellState_reducedLeft	955bbede999cf0f5
AxQM.bellState_reducedRight	99d59ca00f2c050d
AxQM.bitFlipChannel_eq_measurementModel	4aeb21b4ae5abbc0
AxQM.bitFlipChannel_isFixedPt_blochState_iff	87f9e729daa737eb
AxQM.bitFlipChannel_traceDistance_le	5d2bcee02b33e3e8
AxQM.bitFlipEncode_evolvePure_qubitSuperposition	85ce326167be54c1
AxQM.bitFlipError_diagnoses_syndrome	923229da6a2061ad
AxQM.bitFlipRecovery_apply_encoded_ne	212d36a0b098498f
AxQM.bitFlipRecovery_apply_logicalOne	6cd07b71be908b99
AxQM.bitFlipRecovery_apply_logicalZero	f344e62567ac693b
AxQM.bitFlipSyndrome_postMeasurement_eq	f218ddd04b8734fd
AxQM.blochPureState_toState_eq_blochState	b7acf195ba968ac1
AxQM.blochState_isPure_iff_norm_one	de283d66d7e246a2
AxQM.blochState_zero_eq_maximallyMixed	c6a187a9b3d5fcfe
AxQM.blockPhaseFlip_recovery	830af1a1325c2fd0
AxQM.blockXObservable_hasEigenstate_blockPhaseFlip_catBlockState	b096802059d1e5f9
AxQM.bornProb_eq_trace_generalMeasurementEnvOp	7c83d51681b5c4c1
AxQM.bornProb_qtowerControlMeasurement_qftCircuit_nearestBin_prime_ge	9bb804338cafedf0
AxQM.cascade_postMeasurement	0b79772a373d55f4
AxQM.catAncilla_single_fault_at_most_one_error	28575095d9480c74
AxQM.catalysisState_not_loccConvertible	547784f0f817d55b
AxQM.catalysisState_tmul_loccConvertible	fd9a079ffafd2e2e
AxQM.ccontrolledUnitaryCircuit_eq_ccontrolledUnitary	14d09512fbdec1a2
AxQM.ccontrolledUnitary_gateCount_le	6849cec903adc8fa
AxQM.channelEquiv_equivalence	d22e1c1ad760c478
AxQM.channelHolevoChi_eq_productStateCapacity	d0415705c9ebfdd0
AxQM.channelHolevoChi_eq_sSup_pureEnsemble	016f74a199baef54
AxQM.channelHolevoChi_eq_sSup_pureLeCardEnsemble	390ec0511dc2944d
AxQM.chsh_tmul_sq	88cf48cbf8c7fac3
AxQM.classicalCorr_arakiLieb_condition_not_sufficient	df7d4c6a75fb4712
AxQM.cnotGate_conj_pauliXGate_onLeft	17362e377a845817
AxQM.cnotGate_conj_pauliXGate_onRight	e78b819ce2095bbd
AxQM.cnotGate_conj_pauliYGate_onLeft	b7105869c2c49b98
AxQM.cnotGate_conj_pauliYGate_onRight	eafbe0b8e4f5409d
AxQM.cnotGate_conj_pauliZGate_onLeft	169eda0a5affcf5b
AxQM.cnotGate_conj_pauliZGate_onRight	cb0ebbf2b8165067
AxQM.cnotGate_eq_hadamard_conj_controlledZGate	5972ff89a086d187
AxQM.cnotGate_eq_singleQubit_conj_opticalKerrGate	d7912892faf4ec2c
AxQM.cnotGate_evolvePure_qubitMinus_qubitMinus	98c287489329ae6c
AxQM.cnotGate_evolvePure_qubitMinus_qubitPlus	06201b34eb6bde7c
AxQM.cnotGate_evolvePure_qubitPlus_qubitMinus	ccadd56f8a597725
AxQM.cnotGate_evolvePure_qubitPlus_qubitPlus	ce36927fe5d98f3a
AxQM.cnotGate_evolve_twoQubitStdMatrix	88516eba2fb5c490
AxQM.cnotGate_hadamardConj_evolvePure_qubitBasis	09d7104c20e347d7
AxQM.cnx_circuitBudget	3b99760801eab253
AxQM.commuting_observables_classicalProbability	5294c47787b8e114
AxQM.completelyDepolarizingChannel_eq_maximallyMixedState	4c00bafe862089db
AxQM.completelyDepolarizingChannel_isChannel	e9dbe82bca5978a3
AxQM.computablePhaseShiftCircuit_circuitBudget	6abde657a0b9dc7b
AxQM.computablePhaseShiftCircuit_hasEigenstate	446625fe65d58c8f
AxQM.controlMeasurement_commute_postMeasurement	8df869d7c6fee3a3
AxQM.controlledRk_eq_cnot_circuit	e1a225d694da0c31
AxQM.controlledUnitary_rotXGate	b704894b50f59194
AxQM.controlledUnitary_rotYGate	98cb8437803b345f
AxQM.controlledZGate_swap_symm	9640289d80d1d15d
AxQM.correctsErrors_krausSumₗ_op_proportional_linearCombination	175d6c05d15a50f6
AxQM.corrects_conjugate	31891534df0e523b
AxQM.corrects_of_channelEquiv	c9a0dd7825dac188
AxQM.cssCode_same_correction	e0ccc7813914fec0
AxQM.cssPhaseFamily_sum_rankOne_eq_id	6b88b20d18584886
AxQM.cssStabilizedSpace_eq_cssCodeSpace	456c9520815da00f
AxQM.cssTwistedCode_same_correction	daca4b77b426d105
AxQM.deutschGate_conj_mem_deutschReachableEvolutions	316e89a0a57dd733
AxQM.deutschOracleConstOne_bornProb	6af6b3a3cab57b30
AxQM.deutschOracleConstOne_isDeutschOracle	d35019018ca9883e
AxQM.deutschOracleConstZero_bornProb	01268e0dc97233ce
AxQM.deutschOracleConstZero_isDeutschOracle	e50bc85c583bfb8a
AxQM.deutschOracleIdentity_bornProb	cae07936176d1452
AxQM.deutschOracleIdentity_eq_kerrGate_conj_hadamard	6cb747a9bfbd25ee
AxQM.deutschOracleIdentity_isDeutschOracle	567228b48ef7a6cd
AxQM.deutschOracleNegation_bornProb	06b8519a5b085c21
AxQM.deutschOracleNegation_eq_kerrGate_conj_hadamard_mirror	a3794f46f8a57246
AxQM.deutschOracleNegation_isDeutschOracle	e33f6ff64ad91ebe
AxQM.distinguishingPOVM_certain	51eaa0bad34e0ad8
AxQM.distinguishingPOVM_prob_pos	c4c1654a709bb872
AxQM.dlogForwardFourierSum_eq_smul_reflected	489a91f53a638cf1
AxQM.dlogFourierDoubleSum_eq_smul_dlogFourierState	e20ae2eacd66da7d
AxQM.dlogFourierDoubleSum_eq_zero_of_not_modEq	fb79e8dae66d10db
AxQM.dlogFourierDoubleSum_of_modEq	d890677ab556cc0d
AxQM.dlogInverseFourierSum_eq_smul_dlogBasisState	ea8435ce840ec6ff
AxQM.dottedBoxCircuit_evolve_eq_conditionalPhaseShift	4efcede4c5800bb8
AxQM.eigenstate_expectation_eq_eigenvalue	cc2de2037b45bf74
AxQM.eigenstate_stdDev_eq_zero	6ee78eba309314c9
AxQM.encodedCnotGateTeleportation_identity	2fdeab6fcb25b5c2
AxQM.encodingTeleportation_identity	eb489e68c6fea254
AxQM.ensembleAvgFidelity_eq_one_iff	56820a1d64e9ae21
AxQM.entangledThree_isSchmidtDecomposition	9da95956bf39718f
AxQM.envModelChannel_hasOperatorSum	fb8234d508e27a98
AxQM.eprMeasureFirstX_postMeasurement_one	b1d4242ac9dfbd8f
AxQM.eprMeasureFirstX_postMeasurement_zero	fac77b419603d39b
AxQM.eprMeasureFirstZ_postMeasurement_one	248680df07b1721a
AxQM.eprMeasureFirstZ_postMeasurement_zero	1291cbf7ebb868e2
AxQM.evolvePure_comp_eq_of_commute_hasEigenstate_one	24156d974d5bc01f
AxQM.exists_barenco5Circuit_eq_mcCtrl	a17a376c59e78958
AxQM.exists_barencoNCircuit_eq_mcCtrl	75089bc251034f5f
AxQM.exists_cnotEvolution_paritySyndrome	6acc90b013c19c44
AxQM.exists_condEntropyPairGivenC_lt	01e961ec0d2d6776
AxQM.exists_correctionChannel_of_decoupledLeftFactor	3d82240ebf5f8785
AxQM.exists_correction_of_decoupledLeftFactor	f2532078bb554c2d
AxQM.exists_gateCircuit_twoLevelUnitaryCircuit	eb4bc78f49606797
AxQM.exists_isMinimalFor_states_eq_of_memSupport	4cd4a191e10cfe35
AxQM.exists_mem_specialOrthogonalGroup_unitaryGate_evolve_blochState	ffb41a17ef2decc9
AxQM.exists_orthogonalCloningCircuit	b5232de3567bfabf
AxQM.exists_phase_smul_toEuclideanCLM_mem_closure_dataRegisterOp_deutschReachableEvolutions	90b69ecd6b2354fc
AxQM.exists_polynomial_pauliStringHamiltonian_card_le	627141f69bbfa0f5
AxQM.exists_reliable_ensembleCompression	8c13bd85a5d80e14
AxQM.exists_twoQubitCircuit_eq_fredkinGate_five	63f03b2cd4057eba
AxQM.exists_twoQubitCircuit_eq_fredkinGate_six	c7cc015afff12df0
AxQM.exists_unital_channel_not_isRandomUnitary	a74e5ee35db0962c
AxQM.exists_vonNeumannMutualInfo_gt_reducedLeft_vonNeumannEntropy	6e4fd919b69a9cb8
AxQM.expectation_pauliX_qubitBasis_zero	bb3ff2f9734d2dbe
AxQM.fiveEncodedZeroPrep_measures	45f70a47f133bc5b
AxQM.fiveEncodedZeroPrep_stabilized_zero	b7ec5a00f3e4932c
AxQM.fiveEncodedZero_exists	4eda7a82f38a7a02
AxQM.fiveEncodedZero_unique	e660c3e829f85e41
AxQM.fiveQubitCode_saturates_quantumHammingBound	55bef5663c8af8f2
AxQM.fiveSyndromeCircuit_measures	d8905977118f9c7c
AxQM.fredkinGate_eq_cnot_comp_middleToffoli_comp_cnot	dc65e67b4380d3c0
AxQM.fredkinGate_eq_toffoli_comp_middleToffoli_comp_toffoli	6061c0b2358ba959
AxQM.gateChannelError_comp_le	19425ccf68f20abd
AxQM.genDepolarizingChannel_op_eq_krausSum	eddb8d2c220f514a
AxQM.genDepolarizingKraus_completeness	5cf2234a3282bab2
AxQM.generalMeasurementEnvOp_eq_sum_krausOp	c2907237c237d72e
AxQM.grover_multipleSolutions_bornProb_solution_ge_half	f21f73b99ef2bbd0
AxQM.hadamardGate_evolve_eq_hadamardABCGate_evolve	ae35bad05ac9b871
AxQM.hadamardGate_evolve_eq_rotXGate_rotZGate_rotXGate_evolve	fc1359912010b799
AxQM.hadamardGate_op_eq_expPiDivTwo_smul_hadamardABCGate	0a0db78e6858f45f
AxQM.hadamardGate_op_eq_expPiDivTwo_smul_rotAxisGate	2ce9699435f888c0
AxQM.hadamardGate_op_eq_expPiDivTwo_smul_rotXGate_rotZGate_rotXGate	20b2d0fc5a19ce94
AxQM.hadamardGate_sq	edb16b4732e789f9
AxQM.hadamardObservable_eigenvalue_eq_one_or_neg_one	e4233c9a8ad4d566
AxQM.hadamardObservable_hasEigenstate_neg_one	c18e957d0714775d
AxQM.hadamardObservable_hasEigenstate_one	3385f869435cde21
AxQM.hadamardOnLeft_flattenFin4	62f25695517c135a
AxQM.hadamardOnRight_flattenFin4	4f9216f1b242dddc
AxQM.hamSimCircuitConj_evolvePure_tmul_zero	48a8497a62c96111
AxQM.hamSimCircuit_evolvePure_tmul_zero	04a97eaa8767215f
AxQM.holevoBound_of_chi_monotone	e2dd0674e18bee22
AxQM.holevoChi_lt_holevoChi_clone	2ca198e309cb3bdc
AxQM.holevoMeasurementChannel_apply_tmul	ca14bce43a72ba9c
AxQM.holevoMeasurementChannel_isChannel	d5698f869b8d8078
AxQM.holevo_bound	5a0147b447b3f4f3
AxQM.hsCnotToffoli_measurement_universal	835172695201300b
AxQM.hspQueryState_reducedLeft_pi_hsOverlap_le_of_sampleCount	aef5fb07a6cadd9f
AxQM.informationGain_implies_disturbance	6e148e459ed21700
AxQM.ionTrapCnotCircuit_eq_pauliZ_control_comp_cnot	0479f5f78d59346f
AxQM.isDensityOp_iff_exists_ensemble	12c5e26c104abb99
AxQM.isPure_reducedLeft_toState_tmul	c79c9378a8c4973d
AxQM.isQuantumOperation_iff_isOperatorSum	6110df03822bfd55
AxQM.isRandomUnitary_of_isChannel_isUnital	738c98acc6098889
AxQM.ixxObservable_hasEigenstate_one_phaseFlipCodewordState	24a6f9d59c18a6d6
AxQM.linearOptics_deutschJozsa	2ebe2e1e08d9d769
AxQM.linearOptics_exponential_lower_bound	385a9958ca672d7e
AxQM.linearOptics_twoQubitSearch	9f111e16527e8130
AxQM.linearOptics_universal	4d293cf9f6ac2bf8
AxQM.linearity_forbids_cloning	91dbf6eedbfd0d0a
AxQM.localXParity_bornProb_eq_phaseFlipMeasurement	8330f3c686556464
AxQM.localZParity_bornProb_eq_bitFlipMeasurement	fbb378e49af2fe0c
AxQM.machZehnderIdentityCircuit_eq_id	9f0c884e178e0805
AxQM.machZehnder_evolvePure_dualRail	e87209413978a264
AxQM.machZehnder_evolvePure_dualRail_rotX	fc106c14fbbb32c3
AxQM.mcCtrl_controlledUnitary_circuitBudget	d5c1df38ddb2286e
AxQM.measureObservableCircuitZError_evolvePure_qubitBasisZero_of_eigenstate	bbb61b909125e98b
AxQM.measureObservableCircuitZError_sxCorrectionGate_eigenstatePlus	b5c16c3f55c44eb1
AxQM.measureObservableCircuit_bornProb_measure_control_zero	2f248dd56c640d2a
AxQM.measureObservableCircuit_bornProb_measure_control_zero_pow	04d2adbd33ccb9bd
AxQM.measureObservableCircuit_controlMeasurement_bornProb	5f65628d3efc3a9a
AxQM.measureObservableCircuit_controlMeasurement_postMeasurement_one	4bd24e4627327223
AxQM.measureObservableCircuit_controlMeasurement_postMeasurement_zero	50f1c2d453b72c91
AxQM.measureObservableCircuit_op_qubitBasisZero_tmul	815d961a809e8fce
AxQM.measureObservableCircuit_op_qubitBasisZero_tmul_signMeasurement	902d675e98d2ce3f
AxQM.measureObservableCircuit_pauliXGate_eq_hadamardConjReversedCnot	d8ab06ad998d762b
AxQM.measureObservableCircuit_pauliXGate_evolvePure_ketZero_qubitMinus	d7e989eaad0abf9d
AxQM.measureObservableCircuit_pauliXGate_evolvePure_ketZero_qubitPlus	8b062878621fb10b
AxQM.measureObservableCircuit_pauliZGate_eq_reversedCnotGate	fe0b1cad0cc332e7
AxQM.measureObservableCircuit_pauliZGate_evolvePure_ketZero_qubitBasisOne	456ec0abb68c4a21
AxQM.measureObservableCircuit_pauliZGate_evolvePure_ketZero_qubitBasisZero	ac992a69d3abbb10
AxQM.measureObservableCircuit_sxCorrectionGate_ketZero_eigenstateMinus	7bd606266f29b451
AxQM.measureObservableCircuit_sxCorrectionGate_ketZero_eigenstatePlus	2a60dd7923206663
AxQM.measureObservableCircuit_xTypeGenerator_eq_fig1017Block	e8ecab1476e52d06
AxQM.measureObservableCircuit_zTypeGenerator_eq_fig1017Block	526a075ee24b22f8
AxQM.measuredSwapCircuit1_corrected	3167ce1ca038042d
AxQM.measuredSwapCircuit2_corrected	75fd7722f31f3b5c
AxQM.measurementModelEvolution_op_tmul	77570551867158d6
AxQM.measurementModel_bornProb_eq_trace	b9b67566ac96c503
AxQM.measurementModel_reducedLeft_postMeasurement_op	e0149703d60880c3
AxQM.measurementResourceSetWires_realizes_of_universal	631abd1d1cf2d843
AxQM.modFourAdderCircuit_evolvePure_adderKet	549f16cba64a10f0
AxQM.mutualInfo_sicQubitState_lt_log_two	1bb597128f098e09
AxQM.nEPRVec_eq_sum_cssPhaseFamily_tmul	81445551d002f533
AxQM.nEPRVec_eq_sum_regBasis_tmul	b727b7ef8537da03
AxQM.nmrBellCircuit_evolvePure_toState	2746c4393d463c7d
AxQM.nmrCnotCircuit_op_apply_phase	8950467a975a497f
AxQM.nmrCnot_globalPhase_correction_eq_cnotGate	aa8b73b3828c1aa1
AxQM.nmrControlledZSequence_evolve_eq_controlledZGate	dff058b678796a61
AxQM.nmrControlledZ_globalPhase_eq_controlledZGate	fbd8d7c4148e8658
AxQM.nmrCoupledPairFID_eq	6c7009f89c986c07
AxQM.nmrGroverOracleOne_eq_globalPhaseGate_comp	934fd11541a2f3cf
AxQM.nmrGroverOracleOne_evolve_eq_groverOracleOne	44a1aa7d79e12338
AxQM.nmrGroverOracleTwo_eq_globalPhaseGate_comp	b4efe30f46dd868f
AxQM.nmrGroverOracleTwo_evolve_eq_groverOracleTwo	9fdcffb64f8afec7
AxQM.nmrGroverOracleZero_eq_globalPhaseGate_comp	441786a73c691bdb
AxQM.nmrGroverOracleZero_evolve_eq_groverOracleZero	2613a74201bf250a
AxQM.nmrSwapCircuit_evolve_eq_swap	7666e173856917bd
AxQM.nmrThermalState_spinOne_eq	809f02917ea09842
AxQM.nmrThermalState_spinTwo_eq	c47c35660527f8d5
AxQM.no_cloning	433441bad990238b
AxQM.not_condEntropyPairGivenC_ge_condEntropyFirstGivenC_sub_condEntropySecondGivenC	59dcb098565af634
AxQM.not_qubitPlus_qubitMinus_relativePhaseEquiv_plusMinusFrame	45c00a88611d02d4
AxQM.not_strictlyContractive_bitFlipChannel	957fe409e5c8d7bc
AxQM.opticalHadamardMirror_evolvePure_dualRailOne	dad1b951d9e449c8
AxQM.opticalHadamardMirror_evolvePure_dualRailZero	867aa70ee0467dd6
AxQM.orZeroError_bornProb_query_lower_bound	0a59cfb4d569b8fb
AxQM.oracleBellState_bornProb	4b5ceae53a2c1d5c
AxQM.orderEigenstate_reconstruct	9ce8b6408d131cb3
AxQM.orderEigenstate_sum_eq_one	c892028af553b76b
AxQM.partialCyclicPermCircuit_evolvePure_qubitBasis	8c217ab5c5b9c47d
AxQM.pauliDepolarizingChannel_fidelity_ket0	71e961dd4fc598bc
AxQM.pauliDepolarizingChannel_isLeast_fidelity	629812beb5dec882
AxQM.pauliObservable_chsh_expectation_le	b5e86a67b68d1e2f
AxQM.pauliObservable_eigenvalue_eq_one_or_neg_one	dd6bfb902ba10673
AxQM.pauliObservable_hasEigenstate_neg_one	673cbf6253048fac
AxQM.pauliObservable_hasEigenstate_one	5445a9e9b2f3a216
AxQM.pauliStringExpCircuit_circuitBudget	72b3f996eac5a0fe
AxQM.pauliStringExpCircuit_op_eq_propagator	098261a5d31304f8
AxQM.pauliStringHamiltonian_xyz_propagator_eq_conj	e60f5c0289b51ed2
AxQM.pauliVecMeasurement_bornProb_qubitKet0_zero	c306188231ae3da5
AxQM.pauliVecMeasurement_postMeasurement_qubitKet0_zero	2217b900234a5f09
AxQM.periodShift_hasEigenstate_qftInverseFourierImage	7708abb22bf6a0f3
AxQM.phaseEstimationSuperposition_accuracy_ge	63ff066dff309266
AxQM.phaseFlipCodeProj_eq_projPlus_comp	38aae1f5aedbba83
AxQM.phaseFlipCode_satisfiesQECConditions	3173f53918868d61
AxQM.phaseFlipCode_satisfiesQECConditions_fullErrorSet	501088d51531e399
AxQM.phaseShiftCircuit_evolvePure_dualRail	9e1a287d384a7dd4
AxQM.plusPlusState_isSchmidtDecomposition	8bdbec068b0088ac
AxQM.projPinching_two_eq_reflection_evolve_mix	e2322909c887262f
AxQM.properNmrCnot_evolve_eq_cnotGate	b1e9738dfede0d1d
AxQM.qftApprox_gateError_div_mem_Icc	b23ddb6254527f68
AxQM.qftEvolution_evolvePure_quditBasis_zero	0b55bd73a1ccaa28
AxQM.qftEvolution_evolvePure_quditBasis_zero_two_pow	caadc02e7bdff835
AxQM.qftInverseEvolution_comp_qftEvolution	6cdf7c3dda63c3fd
AxQM.qftInverseEvolution_evolvePure_quditBasis	e3f64aaa155e64e2
AxQM.qftTailBranch_eq_qtowerSingleWire_prod	011d9d2c57521b79
AxQM.qftTowerEvolution_measure_postMeasurement_eq_towerKet	8a9243fa1e72dc89
AxQM.qubitBasis_one_blochVector	a0b1cae54925a85c
AxQM.qubitBasis_one_hasEigenstate_pauliZ	41bbd21880bdceb3
AxQM.qubitClassicalSource_reliablyCompressible	8fab28f8d65786e7
AxQM.qubitClassicalSource_vonNeumannEntropy	0e831105b1ba490a
AxQM.qubitDepolarizingChannel_blochState_traceDistance	4f014be4986541cb
AxQM.qubitDepolarizingChannel_strictlyContractive	c8643fb63744f911
AxQM.qubitDepolarizingChannel_traceDistance	6261abc4a5df6a91
AxQM.qubitKet0_blochVector	48af273456b1566f
AxQM.qubitKet0_hasEigenstate_pauliZ	7371c878bfdfc5e5
AxQM.qubitMinusI_blochVector	70bf0304ad8263d8
AxQM.qubitMinusI_hasEigenstate_pauliY	47a2cab3330941db
AxQM.qubitMinus_blochVector	e7be070c1abecac5
AxQM.qubitMinus_hasEigenstate_pauliX	648ebf0d74d2acb6
AxQM.qubitPlusI_blochVector	20983d16d18d0251
AxQM.qubitPlusI_hasEigenstate_pauliY	109e9bf73d01ccbc
AxQM.qubitPlus_blochVector	657d3c53d2c7b32d
AxQM.qubitPlus_hasEigenstate_pauliX	81cc5e955545cb6e
AxQM.quditBasis_eq_sum_qftInverseFourierImage	6a1fb8aa3ce030bf
AxQM.reflectionEvolution_eq_conj_of_prep	05ca266ff33adefe
AxQM.relativePhaseToffoliGate_relativePhaseEquiv_toffoliGate	1afe8eb1c966b45a
AxQM.replaceMix_existsUnique_fixedPoint	a3b7809aa64e80b8
AxQM.replaceMix_strictlyContractive	6e8ecc12e552f2b6
AxQM.resetMeasurement_can_decrease_entropy	8712c185bc44484e
AxQM.rotAxisGate_evolve_blochState	d261f00e570c5d82
AxQM.rotXGate_onRight_comm_cnotGate	f7483de06a070b15
AxQM.rotZGate_onLeft_comm_cnotGate	76886d5ce18a090e
AxQM.rzThreeFifthsAngle_cos	187fc4f6ccbc2674
AxQM.rzThreeFifthsCircuit_bothZero_bornProb	0e73aa8ec41ef9c8
AxQM.rzThreeFifthsCircuit_failure_eq_pauliZ	9f2229801b69a6aa
AxQM.rzThreeFifthsCircuit_success_eq_rotZ	ee47ff04a05daa8a
AxQM.sGate_op_eq_expPiDivFour_smul_rotZGate	17a48b0abb39f8fc
AxQM.satisfiesQECConditions_iff_exists_correction	045ee20a39ec477c
AxQM.schumacherBlock_fidelity	01f225f862a7cb99
AxQM.schumacherBlock_overlap	062060ca7aaaad48
AxQM.searchHamiltonianMSolution_measure_yields_solution	16c35e9c34a9e218
AxQM.searchSimulationStep_op	998933be95a2b897
AxQM.searchStepEvolution_exactSearch	3f1ff8bc6b037d86
AxQM.search_bornProb_averaged_success_imp_queries_ge	fc271c4ed6dee8d4
AxQM.search_bornProb_multi_solution_imp_queries_ge	c43c1693d92d82d1
AxQM.semiclassicalMeasuredQft_bornProb_eq	985784545427f3d8
AxQM.semiclassicalMeasuredQft_postMeasurement_eq_towerKet	4e2fc9ad9a5bec54
AxQM.seqCtrlPow_evolvePure	ee099d87997f75d7
AxQM.shorCode_satisfiesQECConditions	e5629eae8beb395c
AxQM.shorLogicalXBar_evolvePure_shorCodeword	38e0e65749034996
AxQM.shorLogicalXBar_op_anticomm_shorLogicalZBar_op	3812120de15fa0ca
AxQM.shorLogicalXBar_op_comm_shorPhaseSyndromeX123456	e3db6079eec9fb90
AxQM.shorLogicalXBar_op_comm_shorPhaseSyndromeX456789	726a74d3e5ad771b
AxQM.shorLogicalXBar_op_comm_shorZ12	d5537596091cb9c6
AxQM.shorLogicalXBar_op_comm_shorZ23	9b8c9a3aed2ab131
AxQM.shorLogicalXBar_op_comm_shorZ45	0855de4d6d9c6bf4
AxQM.shorLogicalXBar_op_comm_shorZ56	b4b5213ab4328434
AxQM.shorLogicalXBar_op_comm_shorZ78	ea0ab22f44a145b7
AxQM.shorLogicalXBar_op_comm_shorZ89	5fb05e199d2fbc3b
AxQM.shorLogicalZBar_hasEigenstate_shorCodeword	bce2ebb8fd4cc882
AxQM.shorLogicalZBar_op_comm_shorPhaseSyndromeX123456	05b298d0ec0403da
AxQM.shorLogicalZBar_op_comm_shorPhaseSyndromeX456789	5ff853ca24cad560
AxQM.shorLogicalZBar_op_comm_shorZ12	562b6765216fa378
AxQM.shorLogicalZBar_op_comm_shorZ23	1d7ca234ac99a7f6
AxQM.shorLogicalZBar_op_comm_shorZ45	8c4d9cbbfe0f400d
AxQM.shorLogicalZBar_op_comm_shorZ56	b65fb53e49184ec5
AxQM.shorLogicalZBar_op_comm_shorZ78	0c67f66bf64edbd1
AxQM.shorLogicalZBar_op_comm_shorZ89	65da2c43082ed9ba
AxQM.shorPhaseSyndromeX123456_hasEigenstate_shorCatProduct	a03db2e3e21e7cd7
AxQM.shorPhaseSyndromeX456789_hasEigenstate_shorCatProduct	69b905ab17aa1045
AxQM.shorStabilizer_hasEigenstate_one_shorCodeword	e0f554018cd5a37b
AxQM.shorSyndromeCircuit_measures	1388764691beb880
AxQM.sixStateState_hasEigenstate	9b4498904e629fe3
AxQM.sixState_bornProb_matchedBasis	8a71277e50fa75b8
AxQM.sixState_bornProb_mismatchedBasis_uncorrelated	298a44cb0478113b
AxQM.stdDev_pauliX_qubitBasis_zero	76d072c91b3062d4
AxQM.steaneEncodedHadamard_action	24f6522e1705285f
AxQM.steaneLogicalXBar_evolvePure_logicalOne	8bdf1ba0cbdc5114
AxQM.steaneLogicalXBar_evolvePure_logicalZero	38888a724fbfb6a8
AxQM.steaneLogicalZero_eq_of_stabilized	339db8da0470195f
AxQM.steaneStabilizer_hasEigenstate_one_logicalOne	5dadfb77a0e1e919
AxQM.steaneStabilizer_hasEigenstate_one_logicalZero	21c52ea938e34e50
AxQM.steaneStandardLogicalXBar_evolvePure_logicalOne	468c6b16a16f796e
AxQM.steaneStandardLogicalXBar_evolvePure_logicalZero	980678ffc13e655a
AxQM.steaneZeroStabilizer_hasEigenstate_one_logicalZero	cba6d18fc9f6424c
AxQM.swapThenToffoli_evolvePure_ancillaZero	5359ccdfe697b80f
AxQM.swapViaCnots_evolvePure_ketZero	4f49906e9f398521
AxQM.tGate_evolve_eq_rotZGate_evolve	42743a907f71520a
AxQM.teleportationInducedState_injective_of_recovers	bb8c218031ef816a
AxQM.teleportationProb_sum_eq_one	252193d9bec279ce
AxQM.threeBitFlipNoise_satisfiesQECConditions	89cccb5f3a005760
AxQM.threeQubitBitFlip_minFidelity	b047232a56c82a90
AxQM.toState_evolvePure	281980cf3f3d316f
AxQM.toffoliAncillaStabX1_hasEigenstate_one	45562aa15ab7dbf0
AxQM.toffoliAncillaStabX2_hasEigenstate_one	f6061e894aa5a0a9
AxQM.toffoliAncillaStabZ3_hasEigenstate_one	f71a3f049ec6afa2
AxQM.toffoliAncilla_eq_of_stabilized	42d1f65e1795983a
AxQM.toffoliAncilla_vec	6611b866403055de
AxQM.toffoliDataMeasurement_corrected_reducedLeft_toffoliTeleportPreMeasureGen	d516e72695ff4a7d
AxQM.toffoliFig49Circuit_eq_toffoliGate	154256eb01bc7c21
AxQM.toffoliGate_comp_pauliXGate_control_propagates	71f8573d12d42bec
AxQM.toffoliGate_comp_pauliZGate_target_propagates	7a630270b463b51a
AxQM.traceDistance_channel_le	9559f41b4c568dbb
AxQM.traceDistance_qubitMix_xBasis	1c5294086a83c565
AxQM.traceDistance_qubitMix_zBasis	e65c790e23f2a7e3
AxQM.traceOfPow_genDepolarizingChannel_le	42f047b4566df0ac
AxQM.transversalCoupling_comm_transversalAncillaPhaseError	6be4fc0ccd13c978
AxQM.transversalCoupling_zsxGate_comm_ancillaPhaseError	ee4a2091206e235d
AxQM.transversalTGate_op_catVec_seven	aa9835960243c0b0
AxQM.twoLevelUnitaryCircuit_evolvePure_active_ketOne	296c4271027d322e
AxQM.twoLevelUnitaryCircuit_evolvePure_active_ketZero	dba961862e7a865b
AxQM.twoLevelUnitaryCircuit_evolvePure_inactive	083939ffc884ec6e
AxQM.twoSpin_state_eq_of_expectation_nineExperiments	ec2526dff6cd8605
AxQM.vonNeumannEntropy_entropyComparisonState	347690f9adb43d10
AxQM.vonNeumannEntropy_entropyComparisonState_le	c49291e83cbf2aea
AxQM.vonNeumannEntropy_entropyComparisonState_lt	a22c84a946ecf58f
AxQM.vonNeumannEntropy_entropyExampleMixedState	908667353c60a2fb
AxQM.vonNeumannEntropy_entropyExamplePlusState	eaa1262d5f5d935d
AxQM.vonNeumannEntropy_entropyExampleZeroState	abb2c6f6a08a8bfd
AxQM.xixObservable_hasEigenstate_one_phaseFlipCodewordState	67c047d287b07f02
AxQM.xxIObservable_hasEigenstate_one_phaseFlipCodewordState	897e4dabf15721c7
AxQM.zeroTensorBell_not_hasTriorthogonalDecomposition	562452051c280aa9
CStarMatrix.exists_expUnitary_eq_of_mem_unitary	9e3b0a6ab805156c
CStarMatrix.expUnitary_argSelfAdjoint	703765dbf7a07c97
ConcaveOn.slice_left	05110ef11d4e2c15
ContinuousLinearMap.IsDensityOp.quantumRelativeEntropy_nonneg_of_generalizedKlein	83b6bc95e76ac332
ContinuousLinearMap.absoluteValue_eq_of_unitary_comp	5a63003831e8f62b
ContinuousLinearMap.adjoint_absoluteValue_eq_of_comp_unitary	3aa97148d9d074f3
ContinuousLinearMap.entanglementFidelity_ge_one_sub_of_subspace_fidelity	ef454a66e4405cb7
ContinuousLinearMap.entropyExchange_channelMix_ge	4f7bc85374212f61
ContinuousLinearMap.entropyExchange_le_binEntropy_entanglementFidelity_add	96fcba8f86530656
ContinuousLinearMap.exists_krausSumₗ_eq_entanglementFidelity_eq_normSq_trace	2166aaceff12f5bd
ContinuousLinearMap.exists_krausSumₗ_eq_fin_finrank	4f7249a3da9f5d3f
ContinuousLinearMap.exists_krausSumₗ_eq_fin_finrank_sq	6fa3a3b51e07a01d
ContinuousLinearMap.exists_unitary_isPositive_polar	a3eefbd686fe93fd
ContinuousLinearMap.isGLB_albertiProduct	4f6df8e62c5cd75d
ContinuousLinearMap.isGreatest_norm_trace_mul_unitary	2ed6a12bbeb1292b
ContinuousLinearMap.krausDiagonalize_card_ne_zero_le_sq	0b472022c22e3e6f
ContinuousLinearMap.krausGram_krausDiagonalize	d80c1cc1d5716983
ContinuousLinearMap.krausGram_rank_le_sq	3aa11ae716e11dc8
ContinuousLinearMap.krausSumₗ_eq_iff_exists_mem_unitaryGroup	64ff164631ec8faf
ContinuousLinearMap.krausSumₗ_krausDiagonalize	5a346770366a8df0
ContinuousLinearMap.quantumRelativeEntropy_jointConvex_of_subadditive_of_hasSupportLE	2a87182f4e9fc666
ContinuousLinearMap.quantumRelativeEntropy_smul_smul_of_hasSupportLE	0ac9cec55bba25de
ContinuousLinearMap.quantumRelativeEntropy_subadditive_of_jointConvex_of_hasSupportLE	969bbd2031398a50
ContinuousLinearMap.quantumRelativeEntropy_sum_smul_smul_le_of_hasSupportLE	76103861f5bd49db
ContinuousLinearMap.quantumRelativeEntropy_sum_smul_smul_le_relativeEntropy_of_hasSupportLE	eb7039ea37b96472
ContinuousLinearMap.satisfiesKLConditions_iff_exists_correction	26be37b5bc1312e3
ContinuousLinearMap.satisfiesOperationAxioms_iff_isOperatorSum	79fbd6535d8e6f4e
ContinuousLinearMap.sum_adjoint_krausAugment_comp_self	2054bb9c846b2149
ContinuousLinearMap.unitary_factor_unique_of_isUnit	02f3a0ba976038a7
Cryptography.KeyDistribution.card_privateKeys	ad9118d65a36a93a
Cryptography.KeyDistribution.card_publicKeys	53b3efe8268999d9
DiscreteFourier.directDftOpCount_isTheta	1c6d13c86384a139
DiscreteFourier.fftOpCount_isTheta	920e25d488ea3536
DiscreteLogRecovery.discreteLog_of_estimates	c09239ccbc384c15
Finset.card_powersetCard_filter_inter_lt_and_lt_div_choose_le_two_pow	e28c62d46c73739f
GaloisField.exists_linear_isCycle_perm_transvecCount	0bc0f27870623487
GaloisField.transvecCount_isBigO_sq	b0f238ce78f4d976
InnerProductSpace.gramSchmidtNormed_span_eq_top	f42b233627a85c6e
InnerProductSpace.orthonormalProjector_hasEigenvalue_eq_zero_or_one	7ecd7d454c5dae6e
IsStarNormal.exists_eq_diagonalOperator	64a2ba872af4dcc1
IsStarProjection.kronecker	b80238de1443d1b5
LinearCode.exists_correctsErrors_of_rate_le	e4c78208891813d2
LinearCode.exists_isUnit_submatrix_eq_one_of_mulVecLin_surjective	f88a60d3a80b41cd
LinearCode.exists_nestedPair_correctsErrors_of_rate_le	df7b7ec13e1c6ead
LinearCode.isSelfOrthogonal_range_mulVecLin_iff	4e3d79f4a91ab162
LinearCode.ofParityCheck_updateRow_add	c6bcbf0f1e2efb85
LinearCode.singleton_bound	71f405a5b976170b
LinearCode.sum_neg_one_pow_dotProduct	2ca04c39e1c2a7d0
LinearIsometryEquiv.exists_conjStarAlgEquiv_oneDesign	b249cd580c61cb1b
LinearMap.IsSymmetric.commute_iff_exists_orthonormalBasis_forall_apply_eq_smul	9b190f5e9c2a4b4e
LinearMap.IsSymmetric.inner_eq_zero_of_hasEigenvector_of_ne	35734dbce7d9055d
LinearMap.adjoint_sum_smul	83d1216e2c750d74
LinearMap.exists_unitaryExtend	ce15989d7f4c3715
LinearMap.exists_unitary_proj_krausComplement	765679a0ca2b7bb8
LinearMap.isSelfAdjoint_iff_exists_orthonormalBasis_real	8c08dec3cb71c3bb
LinearMap.isSelfAdjoint_of_forall_inner_map_self_nonneg	1b16e93c4e38684a
LinearMap.isStarNormal_iff_exists_orthonormalBasis	7a8a01afc65136d2
LinearMap.isSymmetric_of_forall_inner_map_self_nonneg	14969d2378a1efbe
LinearMap.toMatrixOrthonormal_change_orthonormalBasis	83015f5bb5365f54
LinearMap.toMatrixOrthonormal_rankOne	a6640d8f8010ad5b
Matrix.IsHermitian.eq_polarUnitary_mul_sqrt_conjTranspose_mul_self	7269fd2554c8ea8b
Matrix.IsHermitian.kronecker	c263c57cb8585d40
Matrix.IsHermitian.majorize_iff_exists_sum_smul_unitary_conj	3d97decf7c7fd20f
Matrix.IsHermitian.polarUnitary_mem_unitaryGroup	9ee19029dc10f155
Matrix.IsHermitian.sqrt_conjTranspose_mul_self	abc4a1641a9d8333
Matrix.PosSemidef.eq_one_mul_sqrt_conjTranspose_mul_self	9aad28679b00de11
Matrix.PosSemidef.sqrt_conjTranspose_mul_self	535052dc02a7ff50
Matrix.PosSemidef.sqrt_mul_conjTranspose_self	f64ab882728605a0
Matrix.eq_mul_sqrt_conjTranspose_mul_self_of_mem_unitaryGroup	4197ea9012e641d8
Matrix.exists_unitary_mul_diagonal_mul_unitary	7fa5a98b96875f8c
Matrix.hammingCode_correctsErrors_one	593e1364803f815d
Matrix.hammingCode_finrank	0443f6ac6b5d03f0
Matrix.hammingCode_length	c85938ed8781107f
Matrix.hammingCode_minDist	e9b093ca983b0a4a
Matrix.hermitianOrthonormalBasis_isHermitian	81a26a6e403c525a
Matrix.hermitianOrthonormalBasis_orthonormal	18968ff09d77887c
Matrix.isHermitian_iff_forall_spectrum_im_eq_zero	caec0c295af26106
Matrix.map_star_kronecker	e13e03397c4395f3
Matrix.minDist_ker_eq_of_columns	f76ef438f7e8a01a
Matrix.mul_eq_zero_of_range_mulVecLin_eq_ker	9ebbb4e80b2f883e
Matrix.not_forall_trace_conjTranspose_mul_eq_star_maxEntVec_dotProduct_kronecker	6ee6da51237d8f08
Matrix.range_mulVecLin_addCol	497ad470d2557c69
Matrix.range_mulVecLin_stdGenerator	fece85a15219ef28
Matrix.sqrt_conjTranspose_mul_self_of_mem_unitaryGroup	9bc34ddb9e050462
Matrix.sqrt_mul_conjTranspose_self_of_mem_unitaryGroup	4cc97e375cfe944f
Matrix.star_maxEntVec_dotProduct_kronecker	15146025f37840db
Matrix.stdGenerator_mulVecLin_injective	3ade68abcecb6e2d
Module.End.HasEigenvalue.norm_eq_one_of_mem_unitary	7d40ded851164b77
Module.End.smul_add_smul_mem_stabilizedSubmodule	5f5fe2443bda5548
Module.End.stabilizedSubmodule_eq_iInf_eigenspace_one	4d3659f0f37fbe1f
MvPolynomial.IsMultilinear.eq_of_forall_eval_boolean	c4a261a910a4193b
Nat.Primes.tsum_one_div_sq_le	d16e3f4fb4c56da6
Nat.isNontrivialFactor_gcd_sub_one_or_gcd_add_one_of_sq_modEq_one	c0666be0a4c061ab
NormedSpace.exp_neg_I_mul_smul_sum_of_commute	1e49b7732b2b6f63
NormedSpace.isBigO_exp_smul_add_sub_exp_half_smul_mul_exp_smul_mul_exp_half_smul	e414de70507856a6
NormedSpace.isBigO_exp_smul_add_sub_exp_smul_mul_exp_smul	9106e94c06768e37
NormedSpace.isBigO_exp_smul_add_sub_exp_smul_mul_exp_smul_mul_exp_lie	4d820df29054957f
NormedSpace.tendsto_pow_exp_smul_mul_exp_smul	0c43e76323dec13e
Orthonormal.two_mul_card_sub_two_mul_sqrt_card_le_sum_norm_sub_sq	e35b26d2dcb842de
OrthonormalBasis.diagonalOperator_eq_norm_comp_phase	271cb3beef7737e5
OrthonormalBasis.diagonalOperator_eq_phase_comp_norm	6d5ee36b85a134c0
OrthonormalBasis.diagonalOperator_norm_eq_absoluteValue	7fcd6a3c97aa9152
OrthonormalBasis.diagonalOperator_norm_isPositive	1620d694daa07de1
OrthonormalBasis.diagonalOperator_phase_mem_unitary	476a72ecd53d069c
ProbabilityTheory.tendsto_meas_abs_sum_range_div_sub_gt	edcf1d0c4f8d4396
Real.XorMutualInfo.mutualInfo_xorDist_not_subadditive	8d8e980ff6c0ec93
Real.avgCollisionEntropy_ge	4b4cf682bd853d2a
Real.avgCollisionEntropy_le_avgShannonEntropy	7a0d9dd9f8cc0df5
Real.binEntropyBit_two_inv	03913dfb9d16756c
Real.channelCapacity_channelComp_bscChannel_lt_min	6e15c838d07e2785
Real.channelCapacity_channelComp_le_min	ef884f9432d34f57
Real.channelCapacity_erasureChannel_lt_bscChannel_at_one	7ed3f3b05c7c15c1
Real.channelOpCapacity_eq_channelCapacity_div	28b69fb4edf0e681
Real.concaveOn_binEntropyBit	087ca558f4b3f326
Real.condEntropy_law_chain	d9c5a8df33349d50
Real.condEntropy_le_marginalFst	75c4b87dfcfb00fa
Real.condEntropy_marginalFstLast_le_condEntropyPairGivenLast	9ed9f59ad0307b26
Real.condEntropy_nonneg	1caab0b1c16cb52f
Real.entropy_add_marginal_eq_iff	000b9ea76df66573
Real.entropy_conditioning_le	dc287d0f9d66c6b3
Real.entropy_eq_log_card_iff	a41fd4050e649b4d
Real.entropy_le_add_marginal	518fa37de301b13e
Real.entropy_marginalFst_eq_iff_sndDeterminedByFst	15369e6e5a588201
Real.entropy_marginalFst_le	ca90840bce9cca18
Real.entropy_sub_entropy_marginalFst_eq_relativeEntropy	4514d1debe315906
Real.entropy_swap	bf01527853f9271e
Real.entropy_triple_add_marginal_eq_iff	efe03e6f9494465e
Real.entropy_triple_add_marginal_le	bcde90a98402d6ba
Real.erasureChannel_capacity_gt_bsc	32b2bd25d6884c04
Real.erasureChannel_channelCapacity	7c38272c128c4add
Real.exists_card_typicalSeq_bounds	3d09f9fe19fabc45
Real.exists_const_mul_log_of_map_mul_eq_add	f89c7f6b6369b883
Real.exists_le_sum_typicalSeq	9f674955e0092aa9
Real.exists_lt_universalHash_literalBound	98461242eeb16735
Real.exists_mutualInfo_not_superadditive_counterexample	792da9202a7a3a6d
Real.exists_reliable_compressionScheme	e29f5b1bff7b72c7
Real.exists_sum_prod_le_of_card_le_exp	c03ddd4d134599a8
Real.exists_typicalCode_expectedLength_le	0b81381fcd9c8963
Real.isGreatest_range_binEntropyBit	8c7a745d1e8cf33e
Real.isMarkovChain_reverseTriple	9a5a9b46dc2d74ec
Real.mutualInfo_eq_marginalSnd_iff_sndDeterminedByFst	e3e19490455431b1
Real.mutualInfo_eq_zero_iff	8cb5ad0b000f7638
Real.mutualInfo_le_marginalSnd	24c5d808fdd0f21a
Real.mutualInfo_marginalFstLast_le_marginalFstMid	a4a788369d8619a7
Real.mutualInfo_marginalFstMid_eq_marginalFst_iff	d4643c9bf048c95f
Real.mutualInfo_marginalFstMid_le_marginalFst	01702c2228ed37be
Real.mutualInfo_nonneg	e00a36724d3dfe79
Real.mutualInfo_swap	ab78ecce21197220
Real.not_forall_conditional_strong_subadditivity	07d69d6dd53c213f
Real.not_forall_exists_convs_eq_of_abs_sub_le	64487ca8f746ed29
Real.not_forall_mutualInfo_superadditive	3273b6992a9cdae1
Real.not_reliable_compressionScheme	8872a3bbbec3244c
Real.prob_condCollisionEntropy_ge	06aefa534d990483
Real.relativeEntropy_condEntropyRef_eq_zero_iff	0a834c61eb89ddd6
Real.relativeEntropy_condEntropyRef_nonneg	67421be8ed35d787
Real.relativeEntropy_eq_zero_iff	ea78518bdefab3b8
Real.relativeEntropy_indepProd_eq	5036eb3e016b7a24
Real.spikeEntropyBit_lt	a2d68c555bf4071f
Real.strictConcaveOn_binEntropyBit	822ce2bde9cb43d3
Real.sum_mul_entropy_le_entropy_convexCombination	e51974edaff5ee37
Real.sum_mul_eq_neg_mul_entropy_of_eq_const_mul_log	b2171639131f79cf
SpontaneousEmission.deriv_spontaneousDecayProb_eq_gammaRad	a5b1a21d71a58e24
SpontaneousEmission.spontaneousDecayProb_eq_gammaRad_mul	e62c668d376a66ab
TensorProduct.concaveAt_trace_one_sub_isPositive	88e5f7c91c3c9890
TensorProduct.concaveOn_trace_one_sub_isPositive	c6e9f5bf4849cdaa
TensorProduct.mapL_isPositive	63d135757fb2c0a9
ZMod.dftMatrix_mem_unitaryGroup	20b7fbe364cd5658
ZMod.not_orderFinding_good_units_printed_bound	21f367f3bde3cf3c
ZMod.orderFinding_good_units_card_ge	cb6b81123514f9f9
convex_setOf_majorize	766663d77b3dd671
eq_zero_of_lie_eq_zero_of_anticommutator_eq_zero	ef6d2cf5738c05d8
generalized_klein_inequality	1fecf50eb0d95552
integral_Ioi_one_div_sq_two	0bb310460f52077e
irrational_div_two_pi_of_cos_eq_three_div_five	9692a7670f925a27
isSelfAdjoint_smul_commutator	8a386cd1d652a7c6
majorize_iff_exists_sum_perm	f00671c653441d1b
majorize_iff_forall_tailSum	fa165fa02a333f5f
majorize_tail_update_of_antitone	d7977ff576df9252
mulPair_concaveOn_left	44a32b490b8a2545
mulPair_concaveOn_right	54602a5199964e3a
mulPair_not_concaveOn	cff60c88630c3a0c
mul_eq_invOf_two_mul_lie_add_anticommutator	34d0d31a58176c6a
mul_eq_invOf_two_smul_lie_add_anticommutator	bb238a2d8f6f9128
normDFT_periodic_eq_zero	b3aef70e01a81531
normDFT_periodic_mul	d40ad2479cbfabcc
repetitionCode_finrank	3339d6406f32e356
repetitionGenerator_mulVec	165fa2f4d09678ad
repetitionParityCheck_ker	46b9a98c7d8dca2a
repetitionParityCheck_row_linearIndependent	464e69d485adc77b
star_lie	e1c5da8eb52ea0f0
sum_smul_inner	0208be0497465129
two_div_three_mul_sq_le_integral_one_div_sq	959b5166c30c773f
