from_task,to_task
AxQM.Concrete.PauliGroup.negOne_notMem_closure_iff_forall_sq_eq_one_and_ne_negOne,AxQM.Concrete.PauliGroup.sq_eq_one_and_ne_negOne_of_negOne_notMem_closure
AxQM.Concrete.PauliGroup.sq_eq_one_and_ne_negOne_of_negOne_notMem_closure,AxQM.Concrete.PauliGroup.sq_eq_one_of_negOne_notMem
AxQM.Concrete.PauliGroup.toMat_isHermitian_of_negOne_notMem,AxQM.Concrete.PauliGroup.sq_eq_one_of_negOne_notMem
AxQM.Concrete.StabilizerTableau.run_stabilizes,AxQM.Concrete.hadamardC_mul_pauliX_mul_hadamardC
AxQM.Concrete.StabilizerTableau.run_stabilizes,AxQM.Concrete.hadamardC_mul_pauliY_mul_hadamardC
AxQM.Concrete.StabilizerTableau.run_stabilizes,AxQM.Concrete.hadamardC_mul_pauliZ_mul_hadamardC
AxQM.Concrete.StabilizerTableau.run_stabilizes,AxQM.Concrete.sMatrix_conj_pauliX
AxQM.Concrete.StabilizerTableau.run_stabilizes,AxQM.Concrete.sMatrix_conj_pauliZ
AxQM.Concrete.boltzmannExcited_boltzmannTemperature,AxQM.Concrete.boltzmannGround_boltzmannTemperature
AxQM.Concrete.classicalTraceDist_isGreatest_sub_of_sum_eq_one,AxQM.Concrete.classicalTraceDist_isGreatest_sub
AxQM.Concrete.cnotMatrix_conj_pauliX1,AxQM.Concrete.flattenFin4_pauliI_kronecker_pauliX
AxQM.Concrete.cnotMatrix_conj_pauliX1,AxQM.Concrete.flattenFin4_pauliX_kronecker_pauliI
AxQM.Concrete.cnotMatrix_conj_pauliX2,AxQM.Concrete.flattenFin4_pauliI_kronecker_pauliX
AxQM.Concrete.codeProjector_isCorrectableErrorSet,AxQM.Concrete.PauliGroup.sq_eq_one_of_negOne_notMem
AxQM.Concrete.concat_stabilizedSubspace_finrank,AxQM.Concrete.pauliString_commute_iff_symplecticForm
AxQM.Concrete.concat_stabilizedSubspace_finrank,AxQM.Concrete.stabilizedSubspace_finrank
AxQM.Concrete.cssStabilizer_isCorrectableErrorSet_of_correctsErrors,AxQM.Concrete.PauliGroup.sq_eq_one_of_negOne_notMem
AxQM.Concrete.cssStabilizer_isCorrectableErrorSet_of_correctsErrors,AxQM.Concrete.normalizer_eq_centralizer_of_negOne_notMem
AxQM.Concrete.cssStabilizer_isCorrectableErrorSet_of_correctsErrors,AxQM.Concrete.pauliString_commute_iff_symplecticForm
AxQM.Concrete.entropy_lt_entropy_fairCoin_of_ne_uniform,Real.entropy_eq_log_card_iff
AxQM.Concrete.entropy_lt_entropy_fairDie_of_ne_uniform,Real.entropy_eq_log_card_iff
AxQM.Concrete.exists_abc_decomposition,AxQM.Concrete.exists_zy_decomposition
AxQM.Concrete.exists_smul_rotAxis_triple_of_perp,AxQM.Concrete.exists_zy_decomposition
AxQM.Concrete.exists_xy_decomposition,AxQM.Concrete.exists_zy_decomposition
AxQM.Concrete.exists_xy_decomposition,AxQM.Concrete.rotX_eq
AxQM.Concrete.exists_zyMatrixForm,AxQM.Concrete.exists_zy_decomposition
AxQM.Concrete.fidelity_not_lower_bound_of_albertiProduct,Matrix.PosSemidef.sqrt_conjTranspose_mul_self
AxQM.Concrete.fiveQubitCode_isCorrectableErrorSet,AxQM.Concrete.codeProjector_isCorrectableErrorSet
AxQM.Concrete.fiveQubitCode_isCorrectableErrorSet,AxQM.Concrete.normalizer_eq_centralizer_of_negOne_notMem
AxQM.Concrete.fiveQubitCode_isCorrectableErrorSet,AxQM.Concrete.stabilizedSubspace_finrank
AxQM.Concrete.fockBeamKraus_completeness,AxQM.Concrete.fockDampingKraus_completeness
AxQM.Concrete.four_pow_half_order_ne_neg_one_zmod_ninetyOne,AxQM.Concrete.orderOf_four_zmod_ninetyOne
AxQM.Concrete.four_pow_half_order_zmod_ninetyOne,AxQM.Concrete.orderOf_four_zmod_ninetyOne
AxQM.Concrete.gcd_four_pow_half_order_pred_ninetyOne,AxQM.Concrete.orderOf_four_zmod_ninetyOne
AxQM.Concrete.hadamardC_eq_expPiDivTwo_smul_rotX_rotY,AxQM.Concrete.rotX_eq
AxQM.Concrete.hadamardC_mul_tMatrix_mul_hadamardC,AxQM.Concrete.rotX_eq
AxQM.Concrete.hadamardPow_two_submatrix,AxQM.Concrete.hadamardPow_apply_eq
AxQM.Concrete.hyperfineFSq_eq,AxQM.Concrete.hyperfineFx_eq
AxQM.Concrete.hyperfineFSq_eq,AxQM.Concrete.hyperfineFy_eq
AxQM.Concrete.hyperfineFSq_eq,AxQM.Concrete.hyperfineFz_eq
AxQM.Concrete.hyperfineFSq_mulVec_coupledF1n1,AxQM.Concrete.hyperfineFSq_eq
AxQM.Concrete.hyperfineFSq_mulVec_coupledF1p1,AxQM.Concrete.hyperfineFSq_eq
AxQM.Concrete.hyperfineFSq_mulVec_coupledF1z,AxQM.Concrete.hyperfineFSq_eq
AxQM.Concrete.hyperfineFSq_mulVec_coupledF2n1,AxQM.Concrete.hyperfineFSq_eq
AxQM.Concrete.hyperfineFSq_mulVec_coupledF2n2,AxQM.Concrete.hyperfineFSq_eq
AxQM.Concrete.hyperfineFSq_mulVec_coupledF2p1,AxQM.Concrete.hyperfineFSq_eq
AxQM.Concrete.hyperfineFSq_mulVec_coupledF2p2,AxQM.Concrete.hyperfineFSq_eq
AxQM.Concrete.hyperfineFSq_mulVec_coupledF2z,AxQM.Concrete.hyperfineFSq_eq
AxQM.Concrete.hyperfineFz_mulVec_coupledF1n1,AxQM.Concrete.hyperfineFz_eq
AxQM.Concrete.hyperfineFz_mulVec_coupledF1p1,AxQM.Concrete.hyperfineFz_eq
AxQM.Concrete.hyperfineFz_mulVec_coupledF1z,AxQM.Concrete.hyperfineFz_eq
AxQM.Concrete.hyperfineFz_mulVec_coupledF2n1,AxQM.Concrete.hyperfineFz_eq
AxQM.Concrete.hyperfineFz_mulVec_coupledF2n2,AxQM.Concrete.hyperfineFz_eq
AxQM.Concrete.hyperfineFz_mulVec_coupledF2p1,AxQM.Concrete.hyperfineFz_eq
AxQM.Concrete.hyperfineFz_mulVec_coupledF2p2,AxQM.Concrete.hyperfineFz_eq
AxQM.Concrete.hyperfineFz_mulVec_coupledF2z,AxQM.Concrete.hyperfineFz_eq
AxQM.Concrete.isPauliNormalizer_eq_smul_cliffordCircuit_bigO,AxQM.Concrete.isPauliNormalizer_eq_smul_cliffordCircuit_length_le
AxQM.Concrete.isPauliNormalizer_eq_smul_cliffordCircuit_length_le,AxQM.Concrete.hadamardC_mul_pauliX_mul_hadamardC
AxQM.Concrete.isPauliNormalizer_eq_smul_cliffordCircuit_length_le,AxQM.Concrete.hadamardC_mul_pauliY_mul_hadamardC
AxQM.Concrete.isPauliNormalizer_eq_smul_cliffordCircuit_length_le,AxQM.Concrete.hadamardC_mul_pauliZ_mul_hadamardC
AxQM.Concrete.isPauliNormalizer_eq_smul_cliffordCircuit_length_le,AxQM.Concrete.sMatrix_conj_pauliX
AxQM.Concrete.isPauliNormalizer_eq_smul_cliffordCircuit_length_le,AxQM.Concrete.sMatrix_conj_pauliZ
AxQM.Concrete.isPauliNormalizer_singleQubit_eq_smul_cliffordCircuit,AxQM.Concrete.hadamardC_mul_pauliX_mul_hadamardC
AxQM.Concrete.isPauliNormalizer_singleQubit_eq_smul_cliffordCircuit,AxQM.Concrete.hadamardC_mul_pauliY_mul_hadamardC
AxQM.Concrete.isPauliNormalizer_singleQubit_eq_smul_cliffordCircuit,AxQM.Concrete.hadamardC_mul_pauliZ_mul_hadamardC
AxQM.Concrete.isPauliNormalizer_singleQubit_eq_smul_cliffordCircuit,AxQM.Concrete.sMatrix_conj_pauliX
AxQM.Concrete.isPauliNormalizer_singleQubit_eq_smul_cliffordCircuit,AxQM.Concrete.sMatrix_conj_pauliZ
AxQM.Concrete.locatedPauliErrors_isCorrectableErrorSet,AxQM.Concrete.PauliGroup.sq_eq_one_of_negOne_notMem
AxQM.Concrete.locatedPauliErrors_isCorrectableErrorSet_of_dist_ge,AxQM.Concrete.locatedPauliErrors_isCorrectableErrorSet
AxQM.Concrete.mem_stabilizer_conjTranspose,AxQM.Concrete.stabilizer_le_normalizer
AxQM.Concrete.opticalHadamardCircuit_mulVec_oneZero,AxQM.Concrete.opticalHadamardCircuit_eq_smul_hadamardC
AxQM.Concrete.opticalHadamardCircuit_mulVec_zeroOne,AxQM.Concrete.opticalHadamardCircuit_eq_smul_hadamardC
AxQM.Concrete.pauliAverage_pauliX,AxQM.Concrete.pauliX_trace
AxQM.Concrete.pauliAverage_pauliY,AxQM.Concrete.pauliY_trace
AxQM.Concrete.pauliDot_conjSum_twoAxis_eq_zero,AxQM.Concrete.pauliDot_conjSum_eq_zero
AxQM.Concrete.pauliX_lie_pauliY,AxQM.Concrete.pauliSigma_lie
AxQM.Concrete.pauliY_lie_pauliZ,AxQM.Concrete.pauliSigma_lie
AxQM.Concrete.pauliZ_eq_outerSelf_sub,AxQM.Concrete.pauliZ_eq_ketBra
AxQM.Concrete.pauliZ_lie_pauliX,AxQM.Concrete.pauliSigma_lie
AxQM.Concrete.phaseDampCNOTChannel_eq_phaseDampKrausTilde,AxQM.Concrete.phaseDampCNOTChannel_eq_phaseFlipChannel
AxQM.Concrete.polarExampleLeftFactor_eq_sqrt,Matrix.PosSemidef.sqrt_conjTranspose_mul_self
AxQM.Concrete.polarExampleRightFactor_eq_sqrt,Matrix.PosSemidef.sqrt_conjTranspose_mul_self
AxQM.Concrete.refocusPulse_mul_zEvolution_mul_refocusPulse,AxQM.Concrete.pauliX_mul_zEvolution_mul_pauliX
AxQM.Concrete.refocusPulse_mul_zEvolution_mul_refocusPulse,AxQM.Concrete.rotX_eq
AxQM.Concrete.rotAxis_mul_rotAxis_stated_order_printed_false,AxQM.Concrete.rotAxis_mul_rotAxis
AxQM.Concrete.sqrtSwapHeisCNOT_eq,AxQM.Concrete.sqrtSwapHeis_eq
AxQM.Concrete.stabilizerDistilledVec_normSq_eq_two_pow,AxQM.Concrete.PauliGroup.sq_eq_one_of_negOne_notMem
AxQM.Concrete.stabilizerGenerators_independent_iff_checkRow_linearIndependent,AxQM.Concrete.PauliGroup.sq_eq_one_of_negOne_notMem
AxQM.Concrete.tMatrix_conj_pauliX_eq_expNeg_smul_sxMatrix,AxQM.Concrete.tMatrix_conj_pauliX
AxQM.Concrete.toMatrix_swapOperator_std_ne_hadamard,AxQM.Concrete.toMatrix_swapOperator_hadamard
AxQM.Concrete.toMatrix_swapOperator_std_ne_hadamard,AxQM.Concrete.toMatrix_swapOperator_std
AxQM.Concrete.totalJSq_eq,AxQM.Concrete.totalJz_eq
AxQM.Concrete.totalJSq_mulVec_coupledSinglet,AxQM.Concrete.totalJSq_eq
AxQM.Concrete.totalJSq_mulVec_coupledTripletMinus,AxQM.Concrete.totalJSq_eq
AxQM.Concrete.totalJSq_mulVec_coupledTripletPlus,AxQM.Concrete.totalJSq_eq
AxQM.Concrete.totalJSq_mulVec_coupledTripletZero,AxQM.Concrete.totalJSq_eq
AxQM.Concrete.totalJz_mulVec_coupledSinglet,AxQM.Concrete.totalJz_eq
AxQM.Concrete.totalJz_mulVec_coupledTripletMinus,AxQM.Concrete.totalJz_eq
AxQM.Concrete.totalJz_mulVec_coupledTripletPlus,AxQM.Concrete.totalJz_eq
AxQM.Concrete.totalJz_mulVec_coupledTripletZero,AxQM.Concrete.totalJz_eq
AxQM.Concrete.totalSpin_lie,AxQM.Concrete.pauliSigma_lie
AxQM.Concrete.twoQubitCNOT_conj_pauliY_kron_pauliI_eq_mul,AxQM.Concrete.twoQubitCNOT_conj_pauliY_kron_pauliI
AxQM.Ensemble.exists_orthonormalBasis_refMeasurement_recovers_ensemble,AxQM.Ensemble.purify_reducedLeft
AxQM.Evolution.exists_pauliString_trotter_approximation_explicit,AxQM.Evolution.exists_hamiltonian_generator_spectrum_Icc
AxQM.Evolution.exists_pauliString_trotter_approximation_explicit,AxQM.Observable.exists_real_pauliString_expansion
AxQM.Evolution.exists_pauliString_trotter_circuit_gateCount,AxQM.Evolution.exists_pauliString_trotter_approximation_explicit
AxQM.Evolution.exists_pauliString_trotter_circuit_gateCount,AxQM.pauliStringExpCircuit_circuitBudget
AxQM.Evolution.exists_pauliString_trotter_circuit_gateCount,AxQM.pauliStringExpCircuit_op_eq_propagator
AxQM.IsChannel.existsUnique_fixedPoint_of_strictlyContractive,AxQM.IsChannel.exists_fixedPoint
AxQM.Measurement.postMeasurement_op_eq_opElement_div,AxQM.Measurement.bornProb_eq_trace_opElement
AxQM.Observable.exists_norm_prod_pauliStringHamiltonian_propagator_sub_le,AxQM.Observable.exists_real_pauliString_expansion
AxQM.Observable.postMeasMinus_hasEigenstate,AxQM.Observable.op_mul_projMinus
AxQM.Observable.postMeasPlus_hasEigenstate,AxQM.Observable.op_mul_projPlus
AxQM.Observable.symmTrotterStep_gateError_pow_le,AxQM.Observable.symmTrotterStep_gateError_le
AxQM.OneWayLOCC.of_exists_transforms_pureState,AxQM.OneWayLOCC.of_transforms_pureState
AxQM.OneWayLOCC.of_transforms_pureState,AxQM.PureState.exists_evolution_tmul_of_sameSchmidtCoeffs
AxQM.OneWayLOCC.of_transforms_pureState,AxQM.PureState.exists_schmidt_decomposition
AxQM.OneWayLOCC.of_transforms_pureState,AxQM.toState_evolvePure
AxQM.PureState.bellCount_le_of_reducedLeft_loccConvertible,AxQM.PureState.schmidtNumber_le_of_reducedLeft_loccConvertible
AxQM.PureState.convertibleNoComm_iff_exists_sameNonzeroSpectrum_tmul,AxQM.PureState.exists_evolution_tmul_of_sameSchmidtCoeffs
AxQM.PureState.convertibleNoComm_iff_exists_sameNonzeroSpectrum_tmul,AxQM.PureState.exists_schmidt_decomposition
AxQM.PureState.convertibleNoComm_iff_exists_sameNonzeroSpectrum_tmul,AxQM.PureState.isProduct_iff_isPure_reducedLeft
AxQM.PureState.convertibleNoComm_iff_exists_sameNonzeroSpectrum_tmul,AxQM.toState_evolvePure
AxQM.PureState.distillableEntanglement_reducedLeft_le,AxQM.State.abs_vonNeumannEntropy_sub_le_fannes_weak
AxQM.PureState.distillableEntanglement_reducedLeft_le,AxQM.State.quantumRelativeEntropy_nonneg_of_hasSupportLE
AxQM.PureState.distillableEntanglement_reducedLeft_le,AxQM.State.vonNeumannEntropy_nonneg
AxQM.PureState.distillableEntanglement_reducedLeft_le,ContinuousLinearMap.exists_unitary_isPositive_polar
AxQM.PureState.distillableEntanglement_reducedLeft_le,convex_setOf_majorize
AxQM.PureState.distillableEntanglement_reducedLeft_le,majorize_iff_exists_sum_perm
AxQM.PureState.eavesdropper_mutualInfo_le_vonNeumannEntropy,AxQM.PureState.vonNeumannEntropy_reducedLeft_eq_reducedRight
AxQM.PureState.eavesdropper_mutualInfo_le_vonNeumannEntropy,AxQM.State.vonNeumannEntropy_nonneg
AxQM.PureState.eavesdropper_mutualInfo_le_vonNeumannEntropy,AxQM.holevoBound_of_chi_monotone
AxQM.PureState.exists_schmidt_decomposition_card_le,AxQM.PureState.exists_schmidt_decomposition
AxQM.PureState.isProduct_iff_isPure_reducedLeft,AxQM.PureState.isProduct_iff_schmidtNumber_eq_one
AxQM.PureState.isProduct_iff_isPure_reducedLeft,AxQM.PureState.schmidtNumber_eq_rank_reducedLeft
AxQM.PureState.isProduct_iff_isPure_reducedLeft,AxQM.isPure_reducedLeft_toState_tmul
AxQM.PureState.isProduct_iff_isPure_reducedRight,AxQM.PureState.exists_schmidt_decomposition
AxQM.PureState.isProduct_iff_isPure_reducedRight,AxQM.PureState.isProduct_iff_schmidtNumber_eq_one
AxQM.PureState.isProduct_iff_isPure_reducedRight,AxQM.PureState.schmidtNumber_eq_rank_reducedLeft
AxQM.PureState.isProduct_iff_schmidtNumber_eq_one,AxQM.PureState.schmidtNumber_le_card_of_sum_tmul
AxQM.PureState.not_isProduct_iff_condVonNeumannEntropy_neg,AxQM.PureState.isProduct_iff_isPure_reducedLeft
AxQM.PureState.not_isProduct_iff_condVonNeumannEntropy_neg,AxQM.PureState.vonNeumannEntropy_reducedLeft_eq_reducedRight
AxQM.PureState.not_isProduct_iff_condVonNeumannEntropy_neg,AxQM.State.vonNeumannEntropy_eq_zero_iff_isPure
AxQM.PureState.not_isProduct_iff_condVonNeumannEntropy_neg,AxQM.State.vonNeumannEntropy_nonneg
AxQM.PureState.schmidtNumber_le_of_reducedLeft_loccConvertible,AxQM.PureState.schmidtNumber_eq_rank_reducedLeft
AxQM.PureState.schmidtNumber_le_of_reducedLeft_loccConvertible,ContinuousLinearMap.exists_unitary_isPositive_polar
AxQM.PureState.schmidtNumber_le_of_reducedLeft_loccConvertible,convex_setOf_majorize
AxQM.PureState.vonNeumannEntropy_reducedLeft_eq_reducedRight,AxQM.PureState.exists_schmidt_decomposition
AxQM.State.LOCCConvertible_of_majorize,majorize_iff_exists_sum_perm
AxQM.State.abs_vonNeumannEntropy_sub_le_fannes_weak,AxQM.State.vonNeumannEntropy_le_log_finrank
AxQM.State.abs_vonNeumannEntropy_sub_le_fannes_weak,AxQM.State.vonNeumannEntropy_nonneg
AxQM.State.angle_channel_le,AxQM.State.fidelity_le_fidelity_channel
AxQM.State.angle_eq_zero_iff,AxQM.State.isGreatest_norm_overlap_purification
AxQM.State.coherentInfoComp_le_coherentInfo,AxQM.State.vonNeumannMutualInfo_dilatedChannelOnRight_le
AxQM.State.coherentInfoComp_le_vonNeumannEntropy,AxQM.PureState.isProduct_iff_isPure_reducedRight
AxQM.State.coherentInfoComp_le_vonNeumannEntropy,AxQM.PureState.vonNeumannEntropy_reducedLeft_eq_reducedRight
AxQM.State.coherentInfoComp_le_vonNeumannEntropy,AxQM.State.quantumRelativeEntropy_eq_zero_iff_of_hasSupportLE
AxQM.State.coherentInfoComp_le_vonNeumannEntropy,AxQM.State.quantumRelativeEntropy_nonneg_of_hasSupportLE
AxQM.State.coherentInfoComp_le_vonNeumannEntropy,AxQM.State.vonNeumannEntropy_add_le_add'
AxQM.State.coherentInfoComp_le_vonNeumannEntropy,AxQM.State.vonNeumannEntropy_nonneg
AxQM.State.coherentInfoComp_le_vonNeumannEntropy,AxQM.State.vonNeumannEntropy_tmul
AxQM.State.coherentInfo_le_vonNeumannEntropy,AxQM.PureState.isProduct_iff_isPure_reducedRight
AxQM.State.coherentInfo_le_vonNeumannEntropy,AxQM.PureState.vonNeumannEntropy_reducedLeft_eq_reducedRight
AxQM.State.coherentInfo_le_vonNeumannEntropy,AxQM.State.quantumRelativeEntropy_eq_zero_iff_of_hasSupportLE
AxQM.State.coherentInfo_le_vonNeumannEntropy,AxQM.State.quantumRelativeEntropy_nonneg_of_hasSupportLE
AxQM.State.coherentInfo_le_vonNeumannEntropy,AxQM.State.vonNeumannEntropy_add_le_add'
AxQM.State.coherentInfo_le_vonNeumannEntropy,AxQM.State.vonNeumannEntropy_nonneg
AxQM.State.coherentInfo_le_vonNeumannEntropy,AxQM.State.vonNeumannEntropy_tmul
AxQM.State.condEntropy_add_le_add,AxQM.State.vonNeumannEntropy_add_le_add'
AxQM.State.condVonNeumannEntropy_concave,AxQM.State.conditioning_reduces_vonNeumannEntropy'
AxQM.State.condVonNeumannEntropy_concave,AxQM.State.vonNeumannEntropy_mix_orthogonalSupport
AxQM.State.condVonNeumannEntropy_concave,AxQM.State.vonNeumannEntropy_tmul
AxQM.State.conditioning_reduces_vonNeumannEntropy',AxQM.State.vonNeumannEntropy_add_le_add'
AxQM.State.crossEnvEntropy_le_vonNeumannEntropy_add_entropyExchange_dilatedChannel,AxQM.PureState.isProduct_iff_isPure_reducedRight
AxQM.State.crossEnvEntropy_le_vonNeumannEntropy_add_entropyExchange_dilatedChannel,AxQM.PureState.vonNeumannEntropy_reducedLeft_eq_reducedRight
AxQM.State.crossEnvEntropy_le_vonNeumannEntropy_add_entropyExchange_dilatedChannel,AxQM.State.quantumRelativeEntropy_eq_zero_iff_of_hasSupportLE
AxQM.State.crossEnvEntropy_le_vonNeumannEntropy_add_entropyExchange_dilatedChannel,AxQM.State.quantumRelativeEntropy_nonneg_of_hasSupportLE
AxQM.State.crossEnvEntropy_le_vonNeumannEntropy_add_entropyExchange_dilatedChannel,AxQM.State.vonNeumannEntropy_add_le_add'
AxQM.State.crossEnvEntropy_le_vonNeumannEntropy_add_entropyExchange_dilatedChannel,AxQM.State.vonNeumannEntropy_nonneg
AxQM.State.crossEnvEntropy_le_vonNeumannEntropy_add_entropyExchange_dilatedChannel,AxQM.State.vonNeumannEntropy_tmul
AxQM.State.crossEnvEntropy_le_vonNeumannEntropy_add_entropyExchange_dilatedChannel,AxQM.toState_evolvePure
AxQM.State.entropyExchangeComp_le_entropyExchange_add_entropyExchange,AxQM.PureState.isProduct_iff_isPure_reducedRight
AxQM.State.entropyExchangeComp_le_entropyExchange_add_entropyExchange,AxQM.PureState.vonNeumannEntropy_reducedLeft_eq_reducedRight
AxQM.State.entropyExchangeComp_le_entropyExchange_add_entropyExchange,AxQM.State.quantumRelativeEntropy_eq_zero_iff_of_hasSupportLE
AxQM.State.entropyExchangeComp_le_entropyExchange_add_entropyExchange,AxQM.State.quantumRelativeEntropy_nonneg_of_hasSupportLE
AxQM.State.entropyExchangeComp_le_entropyExchange_add_entropyExchange,AxQM.State.vonNeumannEntropy_add_le_add'
AxQM.State.entropyExchangeComp_le_entropyExchange_add_entropyExchange,AxQM.State.vonNeumannEntropy_nonneg
AxQM.State.entropyExchangeComp_le_entropyExchange_add_entropyExchange,AxQM.State.vonNeumannEntropy_tmul
AxQM.State.entropyExchangeComp_le_entropyExchange_add_entropyExchange,AxQM.toState_evolvePure
AxQM.State.entropyExchangeComp_le_vonNeumannEntropy_add_dilatedChannelComp,AxQM.PureState.isProduct_iff_isPure_reducedRight
AxQM.State.entropyExchangeComp_le_vonNeumannEntropy_add_dilatedChannelComp,AxQM.PureState.vonNeumannEntropy_reducedLeft_eq_reducedRight
AxQM.State.entropyExchangeComp_le_vonNeumannEntropy_add_dilatedChannelComp,AxQM.State.quantumRelativeEntropy_eq_zero_iff_of_hasSupportLE
AxQM.State.entropyExchangeComp_le_vonNeumannEntropy_add_dilatedChannelComp,AxQM.State.quantumRelativeEntropy_nonneg_of_hasSupportLE
AxQM.State.entropyExchangeComp_le_vonNeumannEntropy_add_dilatedChannelComp,AxQM.State.vonNeumannEntropy_add_le_add'
AxQM.State.entropyExchangeComp_le_vonNeumannEntropy_add_dilatedChannelComp,AxQM.State.vonNeumannEntropy_nonneg
AxQM.State.entropyExchangeComp_le_vonNeumannEntropy_add_dilatedChannelComp,AxQM.State.vonNeumannEntropy_tmul
AxQM.State.entropyExchange_dilatedChannel_le_crossEnvEntropy_add_vonNeumannEntropy,AxQM.PureState.isProduct_iff_isPure_reducedRight
AxQM.State.entropyExchange_dilatedChannel_le_crossEnvEntropy_add_vonNeumannEntropy,AxQM.PureState.vonNeumannEntropy_reducedLeft_eq_reducedRight
AxQM.State.entropyExchange_dilatedChannel_le_crossEnvEntropy_add_vonNeumannEntropy,AxQM.State.quantumRelativeEntropy_eq_zero_iff_of_hasSupportLE
AxQM.State.entropyExchange_dilatedChannel_le_crossEnvEntropy_add_vonNeumannEntropy,AxQM.State.quantumRelativeEntropy_nonneg_of_hasSupportLE
AxQM.State.entropyExchange_dilatedChannel_le_crossEnvEntropy_add_vonNeumannEntropy,AxQM.State.vonNeumannEntropy_add_le_add'
AxQM.State.entropyExchange_dilatedChannel_le_crossEnvEntropy_add_vonNeumannEntropy,AxQM.State.vonNeumannEntropy_nonneg
AxQM.State.entropyExchange_dilatedChannel_le_crossEnvEntropy_add_vonNeumannEntropy,AxQM.State.vonNeumannEntropy_tmul
AxQM.State.entropyExchange_dilatedChannel_le_crossEnvEntropy_add_vonNeumannEntropy,AxQM.toState_evolvePure
AxQM.State.entropyExchange_dilatedChannel_le_entropyExchange_add_entropyExchangeComp,AxQM.PureState.isProduct_iff_isPure_reducedRight
AxQM.State.entropyExchange_dilatedChannel_le_entropyExchange_add_entropyExchangeComp,AxQM.PureState.vonNeumannEntropy_reducedLeft_eq_reducedRight
AxQM.State.entropyExchange_dilatedChannel_le_entropyExchange_add_entropyExchangeComp,AxQM.State.quantumRelativeEntropy_eq_zero_iff_of_hasSupportLE
AxQM.State.entropyExchange_dilatedChannel_le_entropyExchange_add_entropyExchangeComp,AxQM.State.quantumRelativeEntropy_nonneg_of_hasSupportLE
AxQM.State.entropyExchange_dilatedChannel_le_entropyExchange_add_entropyExchangeComp,AxQM.State.vonNeumannEntropy_add_le_add'
AxQM.State.entropyExchange_dilatedChannel_le_entropyExchange_add_entropyExchangeComp,AxQM.State.vonNeumannEntropy_nonneg
AxQM.State.entropyExchange_dilatedChannel_le_entropyExchange_add_entropyExchangeComp,AxQM.State.vonNeumannEntropy_tmul
AxQM.State.entropyExchange_dilatedChannel_le_entropyExchange_add_entropyExchangeComp,AxQM.toState_evolvePure
AxQM.State.entropyExchange_dilatedChannel_le_vonNeumannEntropy_add_dilatedChannelComp,AxQM.State.entropyExchange_le_vonNeumannEntropy_add_dilatedChannel
AxQM.State.entropyExchange_le_entropyExchangeComp_add_entropyExchange,AxQM.PureState.isProduct_iff_isPure_reducedRight
AxQM.State.entropyExchange_le_entropyExchangeComp_add_entropyExchange,AxQM.PureState.vonNeumannEntropy_reducedLeft_eq_reducedRight
AxQM.State.entropyExchange_le_entropyExchangeComp_add_entropyExchange,AxQM.State.quantumRelativeEntropy_eq_zero_iff_of_hasSupportLE
AxQM.State.entropyExchange_le_entropyExchangeComp_add_entropyExchange,AxQM.State.quantumRelativeEntropy_nonneg_of_hasSupportLE
AxQM.State.entropyExchange_le_entropyExchangeComp_add_entropyExchange,AxQM.State.vonNeumannEntropy_add_le_add'
AxQM.State.entropyExchange_le_entropyExchangeComp_add_entropyExchange,AxQM.State.vonNeumannEntropy_nonneg
AxQM.State.entropyExchange_le_entropyExchangeComp_add_entropyExchange,AxQM.State.vonNeumannEntropy_tmul
AxQM.State.entropyExchange_le_entropyExchangeComp_add_entropyExchange,AxQM.toState_evolvePure
AxQM.State.entropyExchange_le_vonNeumannEntropy_add_dilatedChannel,AxQM.PureState.isProduct_iff_isPure_reducedRight
AxQM.State.entropyExchange_le_vonNeumannEntropy_add_dilatedChannel,AxQM.PureState.vonNeumannEntropy_reducedLeft_eq_reducedRight
AxQM.State.entropyExchange_le_vonNeumannEntropy_add_dilatedChannel,AxQM.State.quantumRelativeEntropy_eq_zero_iff_of_hasSupportLE
AxQM.State.entropyExchange_le_vonNeumannEntropy_add_dilatedChannel,AxQM.State.quantumRelativeEntropy_nonneg_of_hasSupportLE
AxQM.State.entropyExchange_le_vonNeumannEntropy_add_dilatedChannel,AxQM.State.vonNeumannEntropy_add_le_add'
AxQM.State.entropyExchange_le_vonNeumannEntropy_add_dilatedChannel,AxQM.State.vonNeumannEntropy_nonneg
AxQM.State.entropyExchange_le_vonNeumannEntropy_add_dilatedChannel,AxQM.State.vonNeumannEntropy_tmul
AxQM.State.fidelity_concaveLeft,AxQM.State.sum_sqrt_mul_fidelity_le_fidelity_mix
AxQM.State.fidelity_evolve,AxQM.State.fidelity_le_fidelity_channel
AxQM.State.fidelity_le_fidelity_channel,ContinuousLinearMap.satisfiesOperationAxioms_iff_isOperatorSum
AxQM.State.holevoChi_dilatedChannel_le,AxQM.State.holevoChi_reducedLeft_le
AxQM.State.holevoChi_dilatedChannel_le,AxQM.State.vonNeumannEntropy_tmul
AxQM.State.holevoChi_measState_eq_mutualInfo,AxQM.State.vonNeumannEntropy_mix_orthogonalSupport
AxQM.State.holevoChi_reducedLeft_le,AxQM.State.vonNeumannEntropy_jointEntropyTheorem
AxQM.State.holevoChi_reducedLeft_le,AxQM.State.vonNeumannEntropy_mix_orthogonalSupport
AxQM.State.holevoChi_reducedLeft_le,AxQM.State.vonNeumannMutualInfo_le_of_discard'
AxQM.State.isGreatest_norm_overlap_purification_fixed,AxQM.PureState.exists_evolution_tmul_id_evolvePure_eq
AxQM.State.isGreatest_norm_overlap_purification_fixed,AxQM.State.isGreatest_norm_overlap_purification
AxQM.State.loccConvertible_iff_majorize,AxQM.State.LOCCConvertible_of_majorize
AxQM.State.loccConvertible_iff_majorize,ContinuousLinearMap.exists_unitary_isPositive_polar
AxQM.State.loccConvertible_iff_majorize,convex_setOf_majorize
AxQM.State.maximallyMixedState_unique_maxEntropy,LinearIsometryEquiv.exists_conjStarAlgEquiv_oneDesign
AxQM.State.mutualInfo_qubit_tensorPow_le,AxQM.State.vonNeumannEntropy_le_log_finrank
AxQM.State.mutualInfo_qubit_tensorPow_le,AxQM.State.vonNeumannEntropy_nonneg
AxQM.State.mutualInfo_qubit_tensorPow_le,AxQM.holevoBound_of_chi_monotone
AxQM.State.quantumRelativeEntropy_jointly_convex_of_hasSupportLE,AxQM.State.quantumRelativeEntropy_jointly_convex_sum_of_hasSupportLE
AxQM.State.reliablyCompressible_iff_vonNeumannEntropy_lt,Real.exists_le_sum_typicalSeq
AxQM.State.smallSubspace_bornProb_le,Real.exists_le_sum_typicalSeq
AxQM.State.sum_mul_fidelity_le_fidelity_mix,AxQM.State.sum_sqrt_mul_fidelity_le_fidelity_mix
AxQM.State.traceDistance_mix_left_convex,AxQM.State.traceDistance_mix_le
AxQM.State.traceDistance_mix_right_convex,AxQM.State.traceDistance_mix_left_convex
AxQM.State.typicalSubspaceDim_bounds,Real.exists_card_typicalSeq_bounds
AxQM.State.typicalSubspace_bornProb_ge,Real.exists_le_sum_typicalSeq
AxQM.State.vonNeumannEntropy_concave,AxQM.State.entropyMixLine_deriv2_nonpos_of_isStrictlyPositive
AxQM.State.vonNeumannEntropy_cond_subadditive_first,AxQM.State.vonNeumannEntropy_add_le_add'
AxQM.State.vonNeumannEntropy_cond_subadditive_second,AxQM.State.vonNeumannEntropy_add_le_add'
AxQM.State.vonNeumannEntropy_cond_subadditive_second,AxQM.State.vonNeumannEntropy_weakMonotonicity
AxQM.State.vonNeumannEntropy_dilatedChannel_le_dilatedChannelComp_add_entropyExchange,AxQM.State.vonNeumannEntropy_le_dilatedChannel_add_entropyExchange
AxQM.State.vonNeumannEntropy_eq_log_finrank_iff_eq_maximallyMixed,Real.entropy_eq_log_card_iff
AxQM.State.vonNeumannEntropy_jointEntropyTheorem,AxQM.State.vonNeumannEntropy_mix_orthogonalSupport
AxQM.State.vonNeumannEntropy_jointEntropyTheorem,AxQM.State.vonNeumannEntropy_tmul
AxQM.State.vonNeumannEntropy_joint_cond_subadditive,AxQM.State.vonNeumannEntropy_add_le_add'
AxQM.State.vonNeumannEntropy_le_crossEnvEntropy_add_entropyExchange_dilatedChannel,AxQM.PureState.isProduct_iff_isPure_reducedRight
AxQM.State.vonNeumannEntropy_le_crossEnvEntropy_add_entropyExchange_dilatedChannel,AxQM.PureState.vonNeumannEntropy_reducedLeft_eq_reducedRight
AxQM.State.vonNeumannEntropy_le_crossEnvEntropy_add_entropyExchange_dilatedChannel,AxQM.State.quantumRelativeEntropy_eq_zero_iff_of_hasSupportLE
AxQM.State.vonNeumannEntropy_le_crossEnvEntropy_add_entropyExchange_dilatedChannel,AxQM.State.quantumRelativeEntropy_nonneg_of_hasSupportLE
AxQM.State.vonNeumannEntropy_le_crossEnvEntropy_add_entropyExchange_dilatedChannel,AxQM.State.vonNeumannEntropy_add_le_add'
AxQM.State.vonNeumannEntropy_le_crossEnvEntropy_add_entropyExchange_dilatedChannel,AxQM.State.vonNeumannEntropy_nonneg
AxQM.State.vonNeumannEntropy_le_crossEnvEntropy_add_entropyExchange_dilatedChannel,AxQM.State.vonNeumannEntropy_tmul
AxQM.State.vonNeumannEntropy_le_crossEnvEntropy_add_entropyExchange_dilatedChannel,AxQM.toState_evolvePure
AxQM.State.vonNeumannEntropy_le_dilatedChannelComp_add_entropyExchangeComp,AxQM.PureState.isProduct_iff_isPure_reducedRight
AxQM.State.vonNeumannEntropy_le_dilatedChannelComp_add_entropyExchangeComp,AxQM.PureState.vonNeumannEntropy_reducedLeft_eq_reducedRight
AxQM.State.vonNeumannEntropy_le_dilatedChannelComp_add_entropyExchangeComp,AxQM.State.quantumRelativeEntropy_eq_zero_iff_of_hasSupportLE
AxQM.State.vonNeumannEntropy_le_dilatedChannelComp_add_entropyExchangeComp,AxQM.State.quantumRelativeEntropy_nonneg_of_hasSupportLE
AxQM.State.vonNeumannEntropy_le_dilatedChannelComp_add_entropyExchangeComp,AxQM.State.vonNeumannEntropy_add_le_add'
AxQM.State.vonNeumannEntropy_le_dilatedChannelComp_add_entropyExchangeComp,AxQM.State.vonNeumannEntropy_nonneg
AxQM.State.vonNeumannEntropy_le_dilatedChannelComp_add_entropyExchangeComp,AxQM.State.vonNeumannEntropy_tmul
AxQM.State.vonNeumannEntropy_le_dilatedChannel_add_entropyExchange,AxQM.PureState.isProduct_iff_isPure_reducedRight
AxQM.State.vonNeumannEntropy_le_dilatedChannel_add_entropyExchange,AxQM.PureState.vonNeumannEntropy_reducedLeft_eq_reducedRight
AxQM.State.vonNeumannEntropy_le_dilatedChannel_add_entropyExchange,AxQM.State.quantumRelativeEntropy_eq_zero_iff_of_hasSupportLE
AxQM.State.vonNeumannEntropy_le_dilatedChannel_add_entropyExchange,AxQM.State.quantumRelativeEntropy_nonneg_of_hasSupportLE
AxQM.State.vonNeumannEntropy_le_dilatedChannel_add_entropyExchange,AxQM.State.vonNeumannEntropy_add_le_add'
AxQM.State.vonNeumannEntropy_le_dilatedChannel_add_entropyExchange,AxQM.State.vonNeumannEntropy_nonneg
AxQM.State.vonNeumannEntropy_le_dilatedChannel_add_entropyExchange,AxQM.State.vonNeumannEntropy_tmul
AxQM.State.vonNeumannEntropy_mix_eq_iff_orthogonal,AxQM.Ensemble.purify_reducedLeft
AxQM.State.vonNeumannEntropy_mix_eq_iff_orthogonal,AxQM.PureState.vonNeumannEntropy_reducedLeft_eq_reducedRight
AxQM.State.vonNeumannEntropy_mix_eq_iff_orthogonal,AxQM.State.vonNeumannEntropy_mix_orthogonalSupport
AxQM.State.vonNeumannEntropy_mix_eq_reducedRight_sub_reducedLeft_iff,AxQM.PureState.vonNeumannEntropy_reducedLeft_eq_reducedRight
AxQM.State.vonNeumannEntropy_mix_eq_reducedRight_sub_reducedLeft_iff,AxQM.State.quantumRelativeEntropy_eq_zero_iff_of_hasSupportLE
AxQM.State.vonNeumannEntropy_mix_eq_reducedRight_sub_reducedLeft_iff,AxQM.State.quantumRelativeEntropy_nonneg_of_hasSupportLE
AxQM.State.vonNeumannEntropy_mix_eq_reducedRight_sub_reducedLeft_iff,AxQM.State.vonNeumannEntropy_mix_eq_iff_orthogonal
AxQM.State.vonNeumannEntropy_mix_eq_reducedRight_sub_reducedLeft_iff,AxQM.State.vonNeumannEntropy_mix_le'
AxQM.State.vonNeumannEntropy_mix_eq_reducedRight_sub_reducedLeft_iff,AxQM.State.vonNeumannEntropy_mix_orthogonalSupport
AxQM.State.vonNeumannEntropy_mix_eq_sum_iff_forall_eq,AxQM.State.quantumRelativeEntropy_eq_zero_iff_of_hasSupportLE
AxQM.State.vonNeumannEntropy_mix_eq_sum_iff_forall_eq,AxQM.State.quantumRelativeEntropy_nonneg_of_hasSupportLE
AxQM.State.vonNeumannEntropy_mix_le',AxQM.State.abs_vonNeumannEntropy_sub_le_fannes
AxQM.State.vonNeumannEntropy_mix_le',AxQM.State.traceDistance_mix_le
AxQM.State.vonNeumannEntropy_sub_dilatedChannel_add_entropyExchange_eq_zero_of_perfectCorrection,AxQM.State.coherentInfoComp_le_coherentInfo
AxQM.State.vonNeumannEntropy_sub_dilatedChannel_add_entropyExchange_eq_zero_of_perfectCorrection,AxQM.State.entropyExchange_dilatedChannel_le_entropyExchange_add_entropyExchangeComp
AxQM.State.vonNeumannEntropy_sub_dilatedChannel_add_entropyExchange_eq_zero_of_perfectCorrection,AxQM.State.vonNeumannEntropy_le_dilatedChannel_add_entropyExchange
AxQM.State.vonNeumannEntropy_weakMonotonicity,AxQM.PureState.vonNeumannEntropy_reducedLeft_eq_reducedRight
AxQM.State.vonNeumannEntropy_weakMonotonicity,AxQM.State.vonNeumannEntropy_add_le_add'
AxQM.State.vonNeumannMutualInfo_add_le_two_mul_vonNeumannEntropy,AxQM.State.vonNeumannEntropy_weakMonotonicity
AxQM.State.vonNeumannMutualInfo_dilatedChannelOnRight_le,AxQM.State.vonNeumannEntropy_tmul
AxQM.State.vonNeumannMutualInfo_dilatedChannelOnRight_le,AxQM.State.vonNeumannMutualInfo_le_of_discard'
AxQM.State.vonNeumannMutualInfo_le_of_discard',AxQM.State.vonNeumannEntropy_add_le_add'
AxQM.alternativeSearchHamiltonian_simulation_gateError_pow_le,AxQM.Observable.symmTrotterStep_gateError_pow_le
AxQM.amplitudeDampingChannel_isLeast_fidelity,AxQM.State.exists_blochState
AxQM.amplitudeDampingChannel_isLeast_fidelity,AxQM.blochState_isPure_iff_norm_one
AxQM.amplitudeDampingChannel_isLeast_fidelity,AxQM.qubitBasis_one_blochVector
AxQM.arakiLiebEqualityState_not_isPure,AxQM.State.vonNeumannEntropy_tmul
AxQM.arakiLiebEqualityState_vonNeumannEntropy_eq_reducedRight_sub_reducedLeft,AxQM.State.vonNeumannEntropy_tmul
AxQM.b92_perfectly_correlated,AxQM.qubitKet0_hasEigenstate_pauliZ
AxQM.b92_perfectly_correlated,AxQM.qubitPlus_hasEigenstate_pauliX
AxQM.bb84_bornProb_matchedBasis,AxQM.Observable.projMinus_apply_eq_self
AxQM.bb84_bornProb_matchedBasis,AxQM.qubitBasis_one_hasEigenstate_pauliZ
AxQM.bb84_bornProb_matchedBasis,AxQM.qubitKet0_hasEigenstate_pauliZ
AxQM.bb84_bornProb_matchedBasis,AxQM.qubitMinus_hasEigenstate_pauliX
AxQM.bb84_bornProb_matchedBasis,AxQM.qubitPlus_hasEigenstate_pauliX
AxQM.bb84_bornProb_mismatchedBasis,AxQM.qubitBasis_one_hasEigenstate_pauliZ
AxQM.bb84_bornProb_mismatchedBasis,AxQM.qubitKet0_hasEigenstate_pauliZ
AxQM.bb84_bornProb_mismatchedBasis,AxQM.qubitMinus_hasEigenstate_pauliX
AxQM.bb84_bornProb_mismatchedBasis,AxQM.qubitPlus_hasEigenstate_pauliX
AxQM.bb84_bornProb_mismatchedBasis_uncorrelated,AxQM.bb84_bornProb_mismatchedBasis
AxQM.bb84_distinguisher_compromises_security,AxQM.StateDistinguisher.intercept_signal
AxQM.bellMeasurement_op_eq_bellMeasurementCircuit_conj,AxQM.bellBasis_apply
AxQM.bellMeasurement_toPOVM_elements_eq_bellProjector,AxQM.bellBasis_apply
AxQM.bitFlipChannel_eq_measurementModel,AxQM.Concrete.rotX_eq
AxQM.bitFlipChannel_isFixedPt_blochState_iff,AxQM.rotAxisGate_evolve_blochState
AxQM.bitFlipChannel_traceDistance_le,AxQM.traceDistance_channel_le
AxQM.blochState_isPure_iff_norm_one,AxQM.State.purity_eq_one_iff_isPure
AxQM.bornProb_eq_trace_generalMeasurementEnvOp,AxQM.Measurement.bornProb_eq_trace_opElement
AxQM.bornProb_qtowerControlMeasurement_qftCircuit_nearestBin_prime_ge,AxQM.periodShift_hasEigenstate_qftInverseFourierImage
AxQM.catalysisState_not_loccConvertible,AxQM.State.loccConvertible_iff_majorize
AxQM.catalysisState_tmul_loccConvertible,AxQM.State.loccConvertible_iff_majorize
AxQM.ccontrolledUnitary_gateCount_le,AxQM.Concrete.exists_abc_decomposition
AxQM.channelHolevoChi_eq_productStateCapacity,AxQM.State.quantumRelativeEntropy_nonneg_of_hasSupportLE
AxQM.channelHolevoChi_eq_productStateCapacity,AxQM.State.vonNeumannEntropy_le_log_finrank
AxQM.channelHolevoChi_eq_productStateCapacity,AxQM.State.vonNeumannEntropy_nonneg
AxQM.channelHolevoChi_eq_productStateCapacity,AxQM.holevoBound_of_chi_monotone
AxQM.channelHolevoChi_eq_sSup_pureEnsemble,AxQM.State.quantumRelativeEntropy_nonneg_of_hasSupportLE
AxQM.channelHolevoChi_eq_sSup_pureEnsemble,AxQM.State.vonNeumannEntropy_le_log_finrank
AxQM.channelHolevoChi_eq_sSup_pureEnsemble,AxQM.State.vonNeumannEntropy_nonneg
AxQM.channelHolevoChi_eq_sSup_pureLeCardEnsemble,AxQM.State.quantumRelativeEntropy_nonneg_of_hasSupportLE
AxQM.channelHolevoChi_eq_sSup_pureLeCardEnsemble,AxQM.State.vonNeumannEntropy_le_log_finrank
AxQM.channelHolevoChi_eq_sSup_pureLeCardEnsemble,AxQM.State.vonNeumannEntropy_nonneg
AxQM.classicalCorr_arakiLieb_condition_not_sufficient,AxQM.State.vonNeumannEntropy_mix_orthogonalSupport
AxQM.cnotGate_eq_hadamard_conj_controlledZGate,AxQM.Concrete.hadamardC_mul_pauliZ_mul_hadamardC
AxQM.cnotGate_eq_hadamard_conj_controlledZGate,AxQM.hadamardGate_sq
AxQM.cnotGate_eq_singleQubit_conj_opticalKerrGate,AxQM.cnotGate_eq_hadamard_conj_controlledZGate
AxQM.cnotGate_hadamardConj_evolvePure_qubitBasis,AxQM.cnotGate_evolvePure_qubitMinus_qubitMinus
AxQM.cnotGate_hadamardConj_evolvePure_qubitBasis,AxQM.cnotGate_evolvePure_qubitMinus_qubitPlus
AxQM.cnotGate_hadamardConj_evolvePure_qubitBasis,AxQM.cnotGate_evolvePure_qubitPlus_qubitMinus
AxQM.cnotGate_hadamardConj_evolvePure_qubitBasis,AxQM.cnotGate_evolvePure_qubitPlus_qubitPlus
AxQM.cnotGate_hadamardConj_evolvePure_qubitBasis,AxQM.hadamardGate_sq
AxQM.controlledUnitary_rotXGate,AxQM.Concrete.rotX_eq
AxQM.controlledUnitary_rotXGate,AxQM.hadamardGate_sq
AxQM.controlledZGate_swap_symm,AxQM.Concrete.pauliZ_eq_outerSelf_sub
AxQM.corrects_conjugate,AxQM.corrects_of_channelEquiv
AxQM.cssCode_same_correction,AxQM.corrects_of_channelEquiv
AxQM.cssCode_same_correction,AxQM.toState_evolvePure
AxQM.cssTwistedCode_same_correction,AxQM.corrects_of_channelEquiv
AxQM.cssTwistedCode_same_correction,AxQM.toState_evolvePure
AxQM.deutschOracleConstOne_bornProb,AxQM.deutschOracleConstOne_isDeutschOracle
AxQM.deutschOracleConstZero_bornProb,AxQM.deutschOracleConstZero_isDeutschOracle
AxQM.deutschOracleIdentity_bornProb,AxQM.deutschOracleIdentity_isDeutschOracle
AxQM.deutschOracleIdentity_eq_kerrGate_conj_hadamard,AxQM.cnotGate_eq_hadamard_conj_controlledZGate
AxQM.deutschOracleNegation_bornProb,AxQM.deutschOracleNegation_isDeutschOracle
AxQM.deutschOracleNegation_eq_kerrGate_conj_hadamard_mirror,AxQM.cnotGate_eq_hadamard_conj_controlledZGate
AxQM.dlogFourierDoubleSum_eq_smul_dlogFourierState,AxQM.dlogFourierDoubleSum_eq_zero_of_not_modEq
AxQM.dlogFourierDoubleSum_eq_smul_dlogFourierState,AxQM.dlogFourierDoubleSum_of_modEq
AxQM.dottedBoxCircuit_evolve_eq_conditionalPhaseShift,AxQM.cnotGate_eq_hadamard_conj_controlledZGate
AxQM.ensembleAvgFidelity_eq_one_iff,AxQM.State.isGreatest_norm_overlap_purification
AxQM.eprMeasureFirstX_postMeasurement_one,AxQM.Observable.postMeasurement_signMeasurement_minus
AxQM.eprMeasureFirstX_postMeasurement_one,AxQM.qubitMinus_hasEigenstate_pauliX
AxQM.eprMeasureFirstX_postMeasurement_one,AxQM.qubitPlus_hasEigenstate_pauliX
AxQM.eprMeasureFirstX_postMeasurement_zero,AxQM.qubitMinus_hasEigenstate_pauliX
AxQM.eprMeasureFirstX_postMeasurement_zero,AxQM.qubitPlus_hasEigenstate_pauliX
AxQM.eprMeasureFirstZ_postMeasurement_one,AxQM.Observable.postMeasurement_signMeasurement_minus
AxQM.eprMeasureFirstZ_postMeasurement_one,AxQM.qubitBasis_one_hasEigenstate_pauliZ
AxQM.eprMeasureFirstZ_postMeasurement_zero,AxQM.qubitBasis_one_hasEigenstate_pauliZ
AxQM.exists_condEntropyPairGivenC_lt,AxQM.State.vonNeumannEntropy_tmul
AxQM.exists_condEntropyPairGivenC_lt,AxQM.bellState_reducedLeft
AxQM.exists_correction_of_decoupledLeftFactor,AxQM.satisfiesQECConditions_iff_exists_correction
AxQM.exists_gateCircuit_twoLevelUnitaryCircuit,AxQM.ccontrolledUnitary_gateCount_le
AxQM.exists_gateCircuit_twoLevelUnitaryCircuit,AxQM.cnotGate_hadamardConj_evolvePure_qubitBasis
AxQM.exists_phase_smul_toEuclideanCLM_mem_closure_dataRegisterOp_deutschReachableEvolutions,AxQM.Concrete.exists_abc_decomposition
AxQM.exists_phase_smul_toEuclideanCLM_mem_closure_dataRegisterOp_deutschReachableEvolutions,AxQM.Concrete.exists_smul_rotAxis_triple_of_perp
AxQM.exists_phase_smul_toEuclideanCLM_mem_closure_dataRegisterOp_deutschReachableEvolutions,AxQM.Concrete.rotX_eq
AxQM.exists_reliable_ensembleCompression,AxQM.State.isGreatest_norm_overlap_purification
AxQM.exists_reliable_ensembleCompression,AxQM.State.typicalSubspaceDim_bounds
AxQM.exists_reliable_ensembleCompression,AxQM.State.typicalSubspace_bornProb_ge
AxQM.exists_twoQubitCircuit_eq_fredkinGate_six,AxQM.fredkinGate_eq_cnot_comp_middleToffoli_comp_cnot
AxQM.exists_vonNeumannMutualInfo_gt_reducedLeft_vonNeumannEntropy,AxQM.bellState_reducedLeft
AxQM.exists_vonNeumannMutualInfo_gt_reducedLeft_vonNeumannEntropy,AxQM.bellState_reducedRight
AxQM.fiveEncodedZeroPrep_measures,AxQM.measureObservableCircuit_op_qubitBasisZero_tmul
AxQM.fiveEncodedZeroPrep_stabilized_zero,AxQM.measureObservableCircuit_op_qubitBasisZero_tmul
AxQM.fiveEncodedZero_exists,AxQM.Concrete.stabilizedSubspace_finrank
AxQM.fiveEncodedZero_unique,AxQM.Concrete.stabilizedSubspace_finrank
AxQM.fiveSyndromeCircuit_measures,AxQM.measureObservableCircuit_op_qubitBasisZero_tmul
AxQM.hadamardGate_evolve_eq_hadamardABCGate_evolve,AxQM.hadamardGate_op_eq_expPiDivTwo_smul_hadamardABCGate
AxQM.hadamardGate_evolve_eq_rotXGate_rotZGate_rotXGate_evolve,AxQM.hadamardGate_op_eq_expPiDivTwo_smul_rotXGate_rotZGate_rotXGate
AxQM.hadamardGate_op_eq_expPiDivTwo_smul_hadamardABCGate,AxQM.Concrete.rotX_eq
AxQM.hadamardGate_op_eq_expPiDivTwo_smul_rotXGate_rotZGate_rotXGate,AxQM.Concrete.rotX_eq
AxQM.hamSimCircuitConj_evolvePure_tmul_zero,AxQM.hamSimCircuit_evolvePure_tmul_zero
AxQM.holevoBound_of_chi_monotone,AxQM.State.holevoChi_dilatedChannel_le
AxQM.holevoBound_of_chi_monotone,AxQM.State.holevoChi_measState_eq_mutualInfo
AxQM.holevoBound_of_chi_monotone,AxQM.State.holevoChi_reducedLeft_le
AxQM.holevoBound_of_chi_monotone,AxQM.State.vonNeumannEntropy_tmul
AxQM.holevoBound_of_chi_monotone,AxQM.holevoMeasurementChannel_apply_tmul
AxQM.holevoBound_of_chi_monotone,AxQM.measurementModelEvolution_op_tmul
AxQM.holevoChi_lt_holevoChi_clone,AxQM.Ensemble.purify_reducedLeft
AxQM.holevoChi_lt_holevoChi_clone,AxQM.Observable.op_mul_projMinus
AxQM.holevoChi_lt_holevoChi_clone,AxQM.Observable.op_mul_projPlus
AxQM.holevoChi_lt_holevoChi_clone,AxQM.PureState.vonNeumannEntropy_reducedLeft_eq_reducedRight
AxQM.holevoMeasurementChannel_apply_tmul,AxQM.toState_evolvePure
AxQM.holevo_bound,AxQM.holevoBound_of_chi_monotone
AxQM.hsCnotToffoli_measurement_universal,AxQM.Concrete.exists_abc_decomposition
AxQM.hsCnotToffoli_measurement_universal,AxQM.Concrete.exists_zy_decomposition
AxQM.hsCnotToffoli_measurement_universal,AxQM.Concrete.hadamardC_mul_pauliZ_mul_hadamardC
AxQM.hsCnotToffoli_measurement_universal,AxQM.Concrete.rotX_eq
AxQM.hsCnotToffoli_measurement_universal,AxQM.rzThreeFifthsAngle_cos
AxQM.hsCnotToffoli_measurement_universal,AxQM.rzThreeFifthsCircuit_success_eq_rotZ
AxQM.hsCnotToffoli_measurement_universal,irrational_div_two_pi_of_cos_eq_three_div_five
AxQM.isQuantumOperation_iff_isOperatorSum,ContinuousLinearMap.satisfiesOperationAxioms_iff_isOperatorSum
AxQM.isRandomUnitary_of_isChannel_isUnital,AxQM.State.exists_blochState
AxQM.isRandomUnitary_of_isChannel_isUnital,AxQM.rotAxisGate_evolve_blochState
AxQM.isRandomUnitary_of_isChannel_isUnital,ContinuousLinearMap.satisfiesOperationAxioms_iff_isOperatorSum
AxQM.isRandomUnitary_of_isChannel_isUnital,Matrix.exists_unitary_mul_diagonal_mul_unitary
AxQM.ixxObservable_hasEigenstate_one_phaseFlipCodewordState,AxQM.Concrete.pauliX_mulVec_xMinus
AxQM.ixxObservable_hasEigenstate_one_phaseFlipCodewordState,AxQM.Concrete.pauliX_mulVec_xPlus
AxQM.linearOptics_deutschJozsa,AxQM.linearOptics_universal
AxQM.linearOptics_exponential_lower_bound,AxQM.Concrete.exists_unitary_two_level_decomposition_length_ge
AxQM.linearOptics_twoQubitSearch,AxQM.linearOptics_universal
AxQM.linearOptics_universal,AxQM.Concrete.exists_zy_decomposition
AxQM.localXParity_bornProb_eq_phaseFlipMeasurement,AxQM.bellMeasurement_toPOVM_elements_eq_bellProjector
AxQM.localZParity_bornProb_eq_bitFlipMeasurement,AxQM.bellMeasurement_toPOVM_elements_eq_bellProjector
AxQM.machZehnder_evolvePure_dualRail_rotX,AxQM.machZehnder_evolvePure_dualRail
AxQM.measureObservableCircuitZError_evolvePure_qubitBasisZero_of_eigenstate,AxQM.Concrete.hadamardC_mul_pauliZ_mul_hadamardC
AxQM.measureObservableCircuitZError_evolvePure_qubitBasisZero_of_eigenstate,AxQM.measureObservableCircuit_op_qubitBasisZero_tmul
AxQM.measureObservableCircuitZError_sxCorrectionGate_eigenstatePlus,AxQM.measureObservableCircuitZError_evolvePure_qubitBasisZero_of_eigenstate
AxQM.measureObservableCircuit_bornProb_measure_control_zero,AxQM.measureObservableCircuit_op_qubitBasisZero_tmul
AxQM.measureObservableCircuit_bornProb_measure_control_zero_pow,AxQM.measureObservableCircuit_bornProb_measure_control_zero
AxQM.measureObservableCircuit_controlMeasurement_bornProb,AxQM.measureObservableCircuit_op_qubitBasisZero_tmul_signMeasurement
AxQM.measureObservableCircuit_controlMeasurement_postMeasurement_one,AxQM.measureObservableCircuit_op_qubitBasisZero_tmul
AxQM.measureObservableCircuit_controlMeasurement_postMeasurement_zero,AxQM.measureObservableCircuit_op_qubitBasisZero_tmul
AxQM.measureObservableCircuit_op_qubitBasisZero_tmul_signMeasurement,AxQM.measureObservableCircuit_op_qubitBasisZero_tmul
AxQM.measureObservableCircuit_pauliXGate_eq_hadamardConjReversedCnot,AxQM.Concrete.hadamardC_mul_pauliZ_mul_hadamardC
AxQM.measureObservableCircuit_pauliXGate_eq_hadamardConjReversedCnot,AxQM.Concrete.pauliZ_eq_outerSelf_sub
AxQM.measureObservableCircuit_pauliXGate_eq_hadamardConjReversedCnot,AxQM.cnotGate_eq_hadamard_conj_controlledZGate
AxQM.measureObservableCircuit_pauliXGate_evolvePure_ketZero_qubitMinus,AxQM.Concrete.pauliX_mulVec_xMinus
AxQM.measureObservableCircuit_pauliXGate_evolvePure_ketZero_qubitMinus,AxQM.measureObservableCircuit_op_qubitBasisZero_tmul
AxQM.measureObservableCircuit_pauliXGate_evolvePure_ketZero_qubitPlus,AxQM.Concrete.pauliX_mulVec_xPlus
AxQM.measureObservableCircuit_pauliXGate_evolvePure_ketZero_qubitPlus,AxQM.measureObservableCircuit_op_qubitBasisZero_tmul
AxQM.measureObservableCircuit_pauliZGate_eq_reversedCnotGate,AxQM.Concrete.hadamardC_mul_pauliZ_mul_hadamardC
AxQM.measureObservableCircuit_pauliZGate_eq_reversedCnotGate,AxQM.Concrete.pauliZ_eq_outerSelf_sub
AxQM.measureObservableCircuit_pauliZGate_evolvePure_ketZero_qubitBasisOne,AxQM.measureObservableCircuit_op_qubitBasisZero_tmul
AxQM.measureObservableCircuit_pauliZGate_evolvePure_ketZero_qubitBasisZero,AxQM.measureObservableCircuit_op_qubitBasisZero_tmul
AxQM.measureObservableCircuit_sxCorrectionGate_ketZero_eigenstateMinus,AxQM.measureObservableCircuit_op_qubitBasisZero_tmul
AxQM.measureObservableCircuit_sxCorrectionGate_ketZero_eigenstatePlus,AxQM.measureObservableCircuit_op_qubitBasisZero_tmul
AxQM.measureObservableCircuit_xTypeGenerator_eq_fig1017Block,AxQM.Concrete.hadamardC_mul_pauliZ_mul_hadamardC
AxQM.measureObservableCircuit_xTypeGenerator_eq_fig1017Block,AxQM.Concrete.pauliZ_eq_outerSelf_sub
AxQM.measureObservableCircuit_xTypeGenerator_eq_fig1017Block,AxQM.cnotGate_eq_hadamard_conj_controlledZGate
AxQM.measureObservableCircuit_zTypeGenerator_eq_fig1017Block,AxQM.Concrete.hadamardC_mul_pauliZ_mul_hadamardC
AxQM.measureObservableCircuit_zTypeGenerator_eq_fig1017Block,AxQM.Concrete.pauliZ_eq_outerSelf_sub
AxQM.measuredSwapCircuit1_corrected,AxQM.toState_evolvePure
AxQM.measuredSwapCircuit2_corrected,AxQM.toState_evolvePure
AxQM.measurementModel_bornProb_eq_trace,AxQM.bornProb_eq_trace_generalMeasurementEnvOp
AxQM.measurementModel_bornProb_eq_trace,AxQM.measurementModelEvolution_op_tmul
AxQM.measurementModel_reducedLeft_postMeasurement_op,AxQM.measurementModelEvolution_op_tmul
AxQM.measurementModel_reducedLeft_postMeasurement_op,AxQM.measurementModel_bornProb_eq_trace
AxQM.measurementResourceSetWires_realizes_of_universal,AxQM.bellBasis_apply
AxQM.measurementResourceSetWires_realizes_of_universal,AxQM.toState_evolvePure
AxQM.nmrBellCircuit_evolvePure_toState,AxQM.Concrete.rotX_eq
AxQM.nmrCnotCircuit_op_apply_phase,AxQM.Concrete.rotX_eq
AxQM.nmrCnot_globalPhase_correction_eq_cnotGate,AxQM.nmrCnotCircuit_op_apply_phase
AxQM.nmrControlledZSequence_evolve_eq_controlledZGate,AxQM.nmrControlledZ_globalPhase_eq_controlledZGate
AxQM.nmrCoupledPairFID_eq,AxQM.Concrete.pauliX_trace
AxQM.nmrCoupledPairFID_eq,AxQM.Concrete.pauliY_trace
AxQM.nmrCoupledPairFID_eq,AxQM.Observable.propagator_op_mem_unitary
AxQM.nmrGroverOracleOne_eq_globalPhaseGate_comp,AxQM.Concrete.rotX_eq
AxQM.nmrGroverOracleOne_eq_globalPhaseGate_comp,AxQM.nmrControlledZ_globalPhase_eq_controlledZGate
AxQM.nmrGroverOracleOne_evolve_eq_groverOracleOne,AxQM.nmrGroverOracleOne_eq_globalPhaseGate_comp
AxQM.nmrGroverOracleTwo_eq_globalPhaseGate_comp,AxQM.Concrete.rotX_eq
AxQM.nmrGroverOracleTwo_eq_globalPhaseGate_comp,AxQM.nmrControlledZ_globalPhase_eq_controlledZGate
AxQM.nmrGroverOracleTwo_evolve_eq_groverOracleTwo,AxQM.nmrGroverOracleTwo_eq_globalPhaseGate_comp
AxQM.nmrGroverOracleZero_eq_globalPhaseGate_comp,AxQM.Concrete.rotX_eq
AxQM.nmrGroverOracleZero_eq_globalPhaseGate_comp,AxQM.nmrControlledZ_globalPhase_eq_controlledZGate
AxQM.nmrGroverOracleZero_evolve_eq_groverOracleZero,AxQM.nmrGroverOracleZero_eq_globalPhaseGate_comp
AxQM.nmrSwapCircuit_evolve_eq_swap,AxQM.Concrete.hadamardC_eq_expPiDivTwo_smul_rotX_rotY
AxQM.nmrSwapCircuit_evolve_eq_swap,AxQM.Concrete.hadamardC_mul_pauliZ_mul_hadamardC
AxQM.nmrSwapCircuit_evolve_eq_swap,AxQM.Concrete.pauliZ_eq_outerSelf_sub
AxQM.nmrSwapCircuit_evolve_eq_swap,AxQM.Concrete.rotX_eq
AxQM.nmrSwapCircuit_evolve_eq_swap,AxQM.cnotGate_eq_hadamard_conj_controlledZGate
AxQM.nmrSwapCircuit_evolve_eq_swap,AxQM.nmrControlledZ_globalPhase_eq_controlledZGate
AxQM.no_cloning,AxQM.State.holevoChi_dilatedChannel_le
AxQM.no_cloning,AxQM.State.vonNeumannEntropy_tmul
AxQM.no_cloning,AxQM.holevoChi_lt_holevoChi_clone
AxQM.not_condEntropyPairGivenC_ge_condEntropyFirstGivenC_sub_condEntropySecondGivenC,AxQM.State.vonNeumannEntropy_tmul
AxQM.not_condEntropyPairGivenC_ge_condEntropyFirstGivenC_sub_condEntropySecondGivenC,AxQM.bellState_reducedLeft
AxQM.not_strictlyContractive_bitFlipChannel,AxQM.rotAxisGate_evolve_blochState
AxQM.orZeroError_bornProb_query_lower_bound,AxQM.Concrete.orPoly_represents_orFun
AxQM.orZeroError_bornProb_query_lower_bound,MvPolynomial.IsMultilinear.eq_of_forall_eval_boolean
AxQM.oracleBellState_bornProb,AxQM.bellBasis_apply
AxQM.orderEigenstate_sum_eq_one,AxQM.orderEigenstate_reconstruct
AxQM.pauliDepolarizingChannel_fidelity_ket0,AxQM.State.exists_blochState
AxQM.pauliDepolarizingChannel_fidelity_ket0,AxQM.blochState_isPure_iff_norm_one
AxQM.pauliDepolarizingChannel_fidelity_ket0,AxQM.rotAxisGate_evolve_blochState
AxQM.pauliDepolarizingChannel_isLeast_fidelity,AxQM.State.exists_blochState
AxQM.pauliDepolarizingChannel_isLeast_fidelity,AxQM.blochState_isPure_iff_norm_one
AxQM.pauliDepolarizingChannel_isLeast_fidelity,AxQM.rotAxisGate_evolve_blochState
AxQM.pauliObservable_hasEigenstate_neg_one,AxQM.Observable.op_mul_projMinus
AxQM.pauliObservable_hasEigenstate_one,AxQM.Observable.op_mul_projPlus
AxQM.pauliStringExpCircuit_op_eq_propagator,AxQM.Concrete.hadamardC_mul_pauliX_mul_hadamardC
AxQM.pauliStringExpCircuit_op_eq_propagator,AxQM.Concrete.hadamardC_mul_pauliY_mul_hadamardC
AxQM.pauliStringExpCircuit_op_eq_propagator,AxQM.Concrete.hadamardC_mul_pauliZ_mul_hadamardC
AxQM.pauliStringExpCircuit_op_eq_propagator,AxQM.Concrete.sMatrix_conj_pauliX
AxQM.pauliStringExpCircuit_op_eq_propagator,AxQM.Concrete.sMatrix_conj_pauliZ
AxQM.pauliStringHamiltonian_xyz_propagator_eq_conj,AxQM.Concrete.hadamardC_mul_pauliZ_mul_hadamardC
AxQM.pauliStringHamiltonian_xyz_propagator_eq_conj,AxQM.Concrete.sMatrix_conj_pauliX
AxQM.phaseFlipCodeProj_eq_projPlus_comp,AxQM.Concrete.pauliX_mulVec_xMinus
AxQM.phaseFlipCodeProj_eq_projPlus_comp,AxQM.Concrete.pauliX_mulVec_xPlus
AxQM.phaseFlipCode_satisfiesQECConditions_fullErrorSet,AxQM.Concrete.pauliZ_eq_outerSelf_sub
AxQM.phaseFlipCode_satisfiesQECConditions_fullErrorSet,AxQM.phaseFlipCode_satisfiesQECConditions
AxQM.properNmrCnot_evolve_eq_cnotGate,AxQM.nmrCnot_globalPhase_correction_eq_cnotGate
AxQM.qftEvolution_evolvePure_quditBasis_zero_two_pow,AxQM.qftEvolution_evolvePure_quditBasis_zero
AxQM.qubitClassicalSource_reliablyCompressible,AxQM.qubitClassicalSource_vonNeumannEntropy
AxQM.qubitClassicalSource_reliablyCompressible,Real.exists_le_sum_typicalSeq
AxQM.qubitClassicalSource_vonNeumannEntropy,AxQM.State.vonNeumannEntropy_mix_orthogonalSupport
AxQM.qubitDepolarizingChannel_strictlyContractive,AxQM.qubitDepolarizingChannel_traceDistance
AxQM.qubitDepolarizingChannel_traceDistance,AxQM.State.exists_blochState
AxQM.qubitDepolarizingChannel_traceDistance,AxQM.qubitDepolarizingChannel_blochState_traceDistance
AxQM.qubitMinusI_hasEigenstate_pauliY,AxQM.Concrete.pauliY_mulVec_yMinus
AxQM.qubitMinus_hasEigenstate_pauliX,AxQM.Concrete.pauliX_mulVec_xMinus
AxQM.qubitPlusI_hasEigenstate_pauliY,AxQM.Concrete.pauliY_mulVec_yPlus
AxQM.qubitPlus_hasEigenstate_pauliX,AxQM.Concrete.pauliX_mulVec_xPlus
AxQM.replaceMix_existsUnique_fixedPoint,AxQM.IsChannel.exists_fixedPoint
AxQM.replaceMix_existsUnique_fixedPoint,AxQM.replaceMix_strictlyContractive
AxQM.replaceMix_strictlyContractive,AxQM.traceDistance_channel_le
AxQM.rotXGate_onRight_comm_cnotGate,AxQM.Concrete.rotX_eq
AxQM.rzThreeFifthsCircuit_bothZero_bornProb,AxQM.rzThreeFifthsCircuit_success_eq_rotZ
AxQM.rzThreeFifthsCircuit_success_eq_rotZ,AxQM.rzThreeFifthsAngle_cos
AxQM.satisfiesQECConditions_iff_exists_correction,ContinuousLinearMap.satisfiesKLConditions_iff_exists_correction
AxQM.searchSimulationStep_op,AxQM.Concrete.rotAxis_mul_rotAxis
AxQM.searchStepEvolution_exactSearch,AxQM.Concrete.rotAxis_mul_rotAxis
AxQM.searchStepEvolution_exactSearch,AxQM.searchSimulationStep_op
AxQM.search_bornProb_averaged_success_imp_queries_ge,Orthonormal.two_mul_card_sub_two_mul_sqrt_card_le_sum_norm_sub_sq
AxQM.semiclassicalMeasuredQft_bornProb_eq,AxQM.PureState.isProduct_iff_isPure_reducedLeft
AxQM.semiclassicalMeasuredQft_bornProb_eq,AxQM.State.quantumRelativeEntropy_eq_zero_iff_of_hasSupportLE
AxQM.semiclassicalMeasuredQft_bornProb_eq,AxQM.State.quantumRelativeEntropy_nonneg_of_hasSupportLE
AxQM.semiclassicalMeasuredQft_bornProb_eq,AxQM.State.vonNeumannEntropy_nonneg
AxQM.semiclassicalMeasuredQft_bornProb_eq,AxQM.controlMeasurement_commute_postMeasurement
AxQM.shorSyndromeCircuit_measures,AxQM.measureObservableCircuit_op_qubitBasisZero_tmul
AxQM.sixStateState_hasEigenstate,AxQM.qubitBasis_one_hasEigenstate_pauliZ
AxQM.sixStateState_hasEigenstate,AxQM.qubitKet0_hasEigenstate_pauliZ
AxQM.sixStateState_hasEigenstate,AxQM.qubitMinusI_hasEigenstate_pauliY
AxQM.sixStateState_hasEigenstate,AxQM.qubitMinus_hasEigenstate_pauliX
AxQM.sixStateState_hasEigenstate,AxQM.qubitPlusI_hasEigenstate_pauliY
AxQM.sixStateState_hasEigenstate,AxQM.qubitPlus_hasEigenstate_pauliX
AxQM.sixState_bornProb_matchedBasis,AxQM.Observable.projMinus_apply_eq_self
AxQM.sixState_bornProb_matchedBasis,AxQM.sixStateState_hasEigenstate
AxQM.sixState_bornProb_mismatchedBasis_uncorrelated,AxQM.sixStateState_hasEigenstate
AxQM.stdDev_pauliX_qubitBasis_zero,AxQM.expectation_pauliX_qubitBasis_zero
AxQM.steaneEncodedHadamard_action,AxQM.steaneLogicalXBar_evolvePure_logicalOne
AxQM.steaneEncodedHadamard_action,AxQM.steaneLogicalXBar_evolvePure_logicalZero
AxQM.steaneLogicalZero_eq_of_stabilized,AxQM.cssStabilizedSpace_eq_cssCodeSpace
AxQM.steaneZeroStabilizer_hasEigenstate_one_logicalZero,AxQM.steaneStabilizer_hasEigenstate_one_logicalZero
AxQM.toffoliAncillaStabX1_hasEigenstate_one,AxQM.Concrete.pauliX_mulVec_xPlus
AxQM.toffoliAncillaStabX1_hasEigenstate_one,AxQM.toffoliGate_comp_pauliXGate_control_propagates
AxQM.toffoliAncillaStabX2_hasEigenstate_one,AxQM.Concrete.pauliX_mulVec_xPlus
AxQM.toffoliAncillaStabZ3_hasEigenstate_one,AxQM.toffoliGate_comp_pauliZGate_target_propagates
AxQM.toffoliAncilla_eq_of_stabilized,AxQM.toState_evolvePure
AxQM.toffoliAncilla_eq_of_stabilized,AxQM.toffoliGate_comp_pauliXGate_control_propagates
AxQM.toffoliAncilla_eq_of_stabilized,AxQM.toffoliGate_comp_pauliZGate_target_propagates
AxQM.toffoliDataMeasurement_corrected_reducedLeft_toffoliTeleportPreMeasureGen,AxQM.toState_evolvePure
AxQM.toffoliDataMeasurement_corrected_reducedLeft_toffoliTeleportPreMeasureGen,AxQM.toffoliAncilla_vec
AxQM.toffoliFig49Circuit_eq_toffoliGate,AxQM.Concrete.hadamardC_mul_pauliZ_mul_hadamardC
AxQM.traceDistance_channel_le,ContinuousLinearMap.satisfiesOperationAxioms_iff_isOperatorSum
AxQM.traceDistance_qubitMix_xBasis,AxQM.blochPureState_toState_eq_blochState
AxQM.traceDistance_qubitMix_zBasis,AxQM.blochPureState_toState_eq_blochState
AxQM.transversalCoupling_zsxGate_comm_ancillaPhaseError,AxQM.transversalCoupling_comm_transversalAncillaPhaseError
AxQM.twoSpin_state_eq_of_expectation_nineExperiments,AxQM.Concrete.tomographyComplete_univ
AxQM.vonNeumannEntropy_entropyComparisonState,AxQM.Observable.op_mul_projMinus
AxQM.vonNeumannEntropy_entropyComparisonState,AxQM.Observable.op_mul_projPlus
AxQM.vonNeumannEntropy_entropyComparisonState_le,AxQM.vonNeumannEntropy_entropyComparisonState
AxQM.vonNeumannEntropy_entropyComparisonState_lt,AxQM.vonNeumannEntropy_entropyComparisonState
AxQM.vonNeumannEntropy_entropyExampleMixedState,AxQM.Observable.op_mul_projMinus
AxQM.vonNeumannEntropy_entropyExampleMixedState,AxQM.Observable.op_mul_projPlus
AxQM.vonNeumannEntropy_entropyExamplePlusState,AxQM.blochState_isPure_iff_norm_one
AxQM.vonNeumannEntropy_entropyExampleZeroState,AxQM.blochState_isPure_iff_norm_one
AxQM.xixObservable_hasEigenstate_one_phaseFlipCodewordState,AxQM.Concrete.pauliX_mulVec_xMinus
AxQM.xixObservable_hasEigenstate_one_phaseFlipCodewordState,AxQM.Concrete.pauliX_mulVec_xPlus
AxQM.xxIObservable_hasEigenstate_one_phaseFlipCodewordState,AxQM.Concrete.pauliX_mulVec_xMinus
AxQM.xxIObservable_hasEigenstate_one_phaseFlipCodewordState,AxQM.Concrete.pauliX_mulVec_xPlus
CStarMatrix.exists_expUnitary_eq_of_mem_unitary,CStarMatrix.expUnitary_argSelfAdjoint
ContinuousLinearMap.adjoint_absoluteValue_eq_of_comp_unitary,ContinuousLinearMap.absoluteValue_eq_of_unitary_comp
ContinuousLinearMap.exists_krausSumₗ_eq_fin_finrank_sq,ContinuousLinearMap.exists_krausSumₗ_eq_fin_finrank
ContinuousLinearMap.isGLB_albertiProduct,ContinuousLinearMap.isGreatest_norm_trace_mul_unitary
ContinuousLinearMap.krausDiagonalize_card_ne_zero_le_sq,ContinuousLinearMap.krausGram_krausDiagonalize
ContinuousLinearMap.quantumRelativeEntropy_jointConvex_of_subadditive_of_hasSupportLE,ContinuousLinearMap.quantumRelativeEntropy_smul_smul_of_hasSupportLE
ContinuousLinearMap.quantumRelativeEntropy_subadditive_of_jointConvex_of_hasSupportLE,ContinuousLinearMap.quantumRelativeEntropy_smul_smul_of_hasSupportLE
ContinuousLinearMap.quantumRelativeEntropy_sum_smul_smul_le_of_hasSupportLE,ContinuousLinearMap.quantumRelativeEntropy_smul_smul_of_hasSupportLE
ContinuousLinearMap.quantumRelativeEntropy_sum_smul_smul_le_of_hasSupportLE,ContinuousLinearMap.quantumRelativeEntropy_subadditive_of_jointConvex_of_hasSupportLE
ContinuousLinearMap.quantumRelativeEntropy_sum_smul_smul_le_relativeEntropy_of_hasSupportLE,ContinuousLinearMap.quantumRelativeEntropy_sum_smul_smul_le_of_hasSupportLE
ContinuousLinearMap.satisfiesKLConditions_iff_exists_correction,ContinuousLinearMap.krausSumₗ_eq_iff_exists_mem_unitaryGroup
ContinuousLinearMap.unitary_factor_unique_of_isUnit,ContinuousLinearMap.absoluteValue_eq_of_unitary_comp
IsStarProjection.kronecker,Matrix.IsHermitian.kronecker
LinearMap.exists_unitary_proj_krausComplement,ContinuousLinearMap.sum_adjoint_krausAugment_comp_self
LinearMap.isSelfAdjoint_of_forall_inner_map_self_nonneg,LinearMap.isSymmetric_of_forall_inner_map_self_nonneg
Matrix.IsHermitian.eq_polarUnitary_mul_sqrt_conjTranspose_mul_self,Matrix.IsHermitian.sqrt_conjTranspose_mul_self
Matrix.IsHermitian.majorize_iff_exists_sum_smul_unitary_conj,convex_setOf_majorize
Matrix.IsHermitian.majorize_iff_exists_sum_smul_unitary_conj,majorize_iff_exists_sum_perm
Matrix.PosSemidef.eq_one_mul_sqrt_conjTranspose_mul_self,Matrix.PosSemidef.sqrt_conjTranspose_mul_self
Matrix.eq_mul_sqrt_conjTranspose_mul_self_of_mem_unitaryGroup,Matrix.sqrt_conjTranspose_mul_self_of_mem_unitaryGroup
Matrix.hammingCode_correctsErrors_one,Matrix.hammingCode_minDist
Matrix.hammingCode_finrank,Matrix.hammingCode_length
Matrix.hammingCode_minDist,Matrix.minDist_ker_eq_of_columns
Matrix.not_forall_trace_conjTranspose_mul_eq_star_maxEntVec_dotProduct_kronecker,Matrix.star_maxEntVec_dotProduct_kronecker
Nat.Primes.tsum_one_div_sq_le,two_div_three_mul_sq_le_integral_one_div_sq
OrthonormalBasis.diagonalOperator_norm_eq_absoluteValue,ContinuousLinearMap.absoluteValue_eq_of_unitary_comp
OrthonormalBasis.diagonalOperator_norm_eq_absoluteValue,OrthonormalBasis.diagonalOperator_eq_phase_comp_norm
OrthonormalBasis.diagonalOperator_norm_eq_absoluteValue,OrthonormalBasis.diagonalOperator_norm_isPositive
OrthonormalBasis.diagonalOperator_norm_eq_absoluteValue,OrthonormalBasis.diagonalOperator_phase_mem_unitary
Real.channelCapacity_channelComp_bscChannel_lt_min,Real.mutualInfo_le_marginalSnd
Real.channelCapacity_channelComp_le_min,Real.isMarkovChain_reverseTriple
Real.channelCapacity_channelComp_le_min,Real.mutualInfo_le_marginalSnd
Real.channelCapacity_channelComp_le_min,Real.mutualInfo_marginalFstLast_le_marginalFstMid
Real.channelCapacity_channelComp_le_min,Real.mutualInfo_swap
Real.channelCapacity_erasureChannel_lt_bscChannel_at_one,Real.erasureChannel_channelCapacity
Real.channelCapacity_erasureChannel_lt_bscChannel_at_one,Real.mutualInfo_le_marginalSnd
Real.channelOpCapacity_eq_channelCapacity_div,Real.entropy_le_add_marginal
Real.channelOpCapacity_eq_channelCapacity_div,Real.exists_le_sum_typicalSeq
Real.channelOpCapacity_eq_channelCapacity_div,Real.isMarkovChain_reverseTriple
Real.channelOpCapacity_eq_channelCapacity_div,Real.mutualInfo_le_marginalSnd
Real.channelOpCapacity_eq_channelCapacity_div,Real.mutualInfo_marginalFstLast_le_marginalFstMid
Real.channelOpCapacity_eq_channelCapacity_div,Real.mutualInfo_swap
Real.concaveOn_binEntropyBit,Real.strictConcaveOn_binEntropyBit
Real.condEntropy_le_marginalFst,Real.mutualInfo_nonneg
Real.condEntropy_marginalFstLast_le_condEntropyPairGivenLast,Real.entropy_marginalFst_le
Real.condEntropy_nonneg,Real.entropy_marginalFst_le
Real.condEntropy_nonneg,Real.entropy_swap
Real.entropy_add_marginal_eq_iff,Real.mutualInfo_eq_zero_iff
Real.entropy_conditioning_le,Real.entropy_triple_add_marginal_le
Real.entropy_triple_add_marginal_eq_iff,Real.relativeEntropy_eq_zero_iff
Real.erasureChannel_capacity_gt_bsc,Real.erasureChannel_channelCapacity
Real.erasureChannel_capacity_gt_bsc,Real.mutualInfo_le_marginalSnd
Real.erasureChannel_channelCapacity,Real.mutualInfo_le_marginalSnd
Real.exists_card_typicalSeq_bounds,Real.exists_le_sum_typicalSeq
Real.exists_sum_prod_le_of_card_le_exp,Real.exists_le_sum_typicalSeq
Real.exists_typicalCode_expectedLength_le,Real.exists_le_sum_typicalSeq
Real.isGreatest_range_binEntropyBit,Real.binEntropyBit_two_inv
Real.mutualInfo_eq_marginalSnd_iff_sndDeterminedByFst,Real.entropy_marginalFst_eq_iff_sndDeterminedByFst
Real.mutualInfo_eq_zero_iff,Real.relativeEntropy_eq_zero_iff
Real.mutualInfo_le_marginalSnd,Real.entropy_marginalFst_le
Real.mutualInfo_marginalFstLast_le_marginalFstMid,Real.entropy_conditioning_le
Real.mutualInfo_marginalFstLast_le_marginalFstMid,Real.entropy_swap
Real.mutualInfo_marginalFstMid_eq_marginalFst_iff,Real.mutualInfo_eq_marginalSnd_iff_sndDeterminedByFst
Real.mutualInfo_marginalFstMid_eq_marginalFst_iff,Real.mutualInfo_swap
Real.mutualInfo_marginalFstMid_le_marginalFst,Real.condEntropy_nonneg
Real.mutualInfo_swap,Real.entropy_swap
Real.not_forall_mutualInfo_superadditive,Real.exists_mutualInfo_not_superadditive_counterexample
Real.not_reliable_compressionScheme,Real.exists_sum_prod_le_of_card_le_exp
Real.relativeEntropy_condEntropyRef_eq_zero_iff,Real.entropy_marginalFst_eq_iff_sndDeterminedByFst
Real.relativeEntropy_condEntropyRef_eq_zero_iff,Real.entropy_sub_entropy_marginalFst_eq_relativeEntropy
SpontaneousEmission.deriv_spontaneousDecayProb_eq_gammaRad,SpontaneousEmission.spontaneousDecayProb_eq_gammaRad_mul
TensorProduct.concaveOn_trace_one_sub_isPositive,TensorProduct.concaveAt_trace_one_sub_isPositive
eq_zero_of_lie_eq_zero_of_anticommutator_eq_zero,mul_eq_invOf_two_mul_lie_add_anticommutator
majorize_iff_exists_sum_perm,convex_setOf_majorize
repetitionCode_finrank,repetitionGenerator_mulVec
repetitionParityCheck_ker,repetitionGenerator_mulVec
repetitionParityCheck_row_linearIndependent,repetitionCode_finrank
repetitionParityCheck_row_linearIndependent,repetitionParityCheck_ker
